row_id,case_id,term,case_name,petitioner,hearing_date,issue_area,decision_type,direction,majority_votes,minority_votes,chief_justice,case_status,courtroom,duration_days,victim_count,state,district,case_id_clean,case_name_clean,petitioner_clean,issue_area_clean,decision_type_clean,direction_clean,chief_justice_clean,case_status_clean,state_clean,district_clean,hearing_date_year,hearing_date_month,hearing_date_day,row_id_is_outlier,term_is_outlier,majority_votes_is_outlier,minority_votes_is_outlier,courtroom_is_outlier,duration_days_is_outlier,victim_count_is_outlier,hearing_date_year_is_outlier,hearing_date_month_is_outlier,hearing_date_day_is_outlier,row_id_normalized,term_normalized,majority_votes_normalized,minority_votes_normalized,courtroom_normalized,duration_days_normalized,victim_count_normalized,hearing_date_month_normalized,hearing_date_day_normalized
1,SC1000,1996,Freedom of speech,Smith & Co,2015-01-01,Environmental Law,Unanimous,Liberal,5,2,Mrs. Victoria Baker MD,Disposed,3.0,33.0,3.0,Uttar Pradesh,Agra,sc1000,freedom of speech,smith & co,environmental law,unanimous,liberal,mrs. victoria baker md,disposed,uttar pradesh,agra,2015.0,1.0,1.0,False,False,False,False,False,False,False,False,False,False,0.0,0.034482758620689655,0.0,0.5,0.1111111111111111,0.8421052631578947,0.15789473684210525,0.0,0.0
2,SC1001,1996,Contract law,"Jones, Brown and Parker",2015-01-02,Criminal Law,Unanimous,Conservative,8,3,Mrs. Tammy Alexander MD,Pending,6.0,35.0,0.0,Madhya Pradesh,Bhopal,sc1001,contract law,"jones, brown and parker",criminal law,unanimous,conservative,mrs. tammy alexander md,pending,madhya pradesh,bhopal,2015.0,1.0,2.0,False,False,False,False,False,False,False,False,False,False,0.005025125628140704,0.034482758620689655,0.75,0.75,0.2777777777777778,0.8947368421052632,0.0,0.0,0.03333333333333333
3,SC1002,2004,Contract law,"Patel, Kumar and Singh",2015-01-03,Judicial Power,Unanimous,Liberal,8,2,Mr. Anthony Brown,Disposed,5.0,12.0,4.0,Maharashtra,Aurangabad,sc1002,contract law,"patel, kumar and singh",judicial power,unanimous,liberal,mr. anthony brown,disposed,maharashtra,aurangabad,2015.0,1.0,3.0,False,False,False,False,False,False,False,False,False,False,0.010050251256281407,0.3103448275862069,0.75,0.5,0.2222222222222222,0.2894736842105263,0.21052631578947367,0.0,0.06666666666666667
4,SC1003,2004,Criminal appeal,"Torres, Harris and Baker",2015-01-04,Civil Rights,Plurality,Liberal,7,4,Mrs. Victoria Baker MD,,17.0,29.0,5.0,Tamil Nadu,Coimbatore,sc1003,criminal appeal,"torres, harris and baker",civil rights,plurality,liberal,mrs. victoria baker md,nan,tamil nadu,coimbatore,2015.0,1.0,4.0,False,False,False,False,False,False,False,False,False,False,0.01507537688442211,0.3103448275862069,0.5,1.0,0.8888888888888888,0.7368421052631579,0.2631578947368421,0.0,0.1
5,SC1004,2007,Criminal appeal,Sharma Associates,2015-01-05,Judicial Power,Unanimous,Liberal,6,3,Mrs. Victoria Baker MD,Disposed,2.0,22.0,3.0,Madhya Pradesh,Jabalpur,sc1004,criminal appeal,sharma associates,judicial power,unanimous,liberal,mrs. victoria baker md,disposed,madhya pradesh,jabalpur,2015.0,1.0,5.0,False,False,False,False,False,False,False,False,False,False,0.020100502512562814,0.41379310344827586,0.25,0.75,0.05555555555555555,0.5526315789473685,0.15789473684210525,0.0,0.13333333333333333
6,SC1005,2009,Freedom of speech,Gupta Group,2015-01-06,Criminal Law,Majority,Conservative,8,1,Mr. John Stevens,Adjourned,15.0,38.0,2.0,Tamil Nadu,Coimbatore,sc1005,freedom of speech,gupta group,criminal law,majority,conservative,mr. john stevens,adjourned,tamil nadu,coimbatore,2015.0,1.0,6.0,False,False,False,False,False,False,False,False,False,False,0.02512562814070352,0.4827586206896552,0.75,0.25,0.7777777777777778,0.9736842105263158,0.10526315789473684,0.0,0.16666666666666666
7,SC1006,2014,Judicial review,Rao and Sons,,Environmental Law,Plurality,Conservative,8,4,Christopher Rivera,Pending,5.0,37.0,4.0,Karnataka,Mysuru,sc1006,judicial review,rao and sons,environmental law,plurality,conservative,christopher rivera,pending,karnataka,mysuru,,,,False,False,False,False,False,False,False,False,False,False,0.03015075376884422,0.6551724137931034,0.75,1.0,0.2222222222222222,0.9473684210526315,0.21052631578947367,,
8,SC1007,2000,Property dispute,Smith & Co,2015-01-08,Judicial Power,Majority,Conservative,8,2,Dr. Lisa Morgan,Adjourned,6.0,20.0,19.0,Karnataka,Bengaluru,sc1007,property dispute,smith & co,judicial power,majority,conservative,dr. lisa morgan,adjourned,karnataka,bengaluru,2015.0,1.0,8.0,False,False,False,False,False,False,False,False,False,False,0.035175879396984924,0.1724137931034483,0.75,0.5,0.2777777777777778,0.5,1.0,0.0,0.23333333333333334
9,SC1008,2012,Criminal appeal,White Group,2015-01-09,Economic Activity,Majority,Conservative,6,3,Mr. John Stevens,Adjourned,6.0,10.0,6.0,Rajasthan,Jaipur,sc1008,criminal appeal,white group,economic activity,majority,conservative,mr. john stevens,adjourned,rajasthan,jaipur,2015.0,1.0,9.0,False,False,False,False,False,False,False,False,False,False,0.04020100502512563,0.5862068965517241,0.25,0.75,0.2777777777777778,0.23684210526315788,0.3157894736842105,0.0,0.26666666666666666
10,SC1009,2002,Case about tax,Rao and Sons,2015-01-10,Judicial Power,Unanimous,Liberal,6,2,Mrs. Victoria Baker MD,Pending,18.0,36.0,0.0,Karnataka,Hubli,sc1009,case about tax,rao and sons,judicial power,unanimous,liberal,mrs. victoria baker md,pending,karnataka,hubli,2015.0,1.0,10.0,False,False,False,False,False,False,False,False,False,False,0.04522613065326633,0.2413793103448276,0.25,0.5,0.9444444444444444,0.9210526315789473,0.0,0.0,0.3
11,SC1010,1998,Criminal appeal,Smith & Co,2015-01-11,Judicial Power,Plurality,Liberal,9,2,Christopher Rivera,Pending,18.0,,15.0,Madhya Pradesh,Ujjain,sc1010,criminal appeal,smith & co,judicial power,plurality,liberal,christopher rivera,pending,madhya pradesh,ujjain,2015.0,1.0,11.0,False,False,False,False,False,False,False,False,False,False,0.05025125628140704,0.10344827586206896,1.0,0.5,0.9444444444444444,,0.7894736842105263,0.0,0.3333333333333333
12,SC1011,2019,Labor dispute,"Torres, Harris and Baker",,Criminal Law,Per Curiam,Liberal,9,1,Mr. John Stevens,Adjourned,4.0,29.0,15.0,Karnataka,Mangalore,sc1011,labor dispute,"torres, harris and baker",criminal law,per curiam,liberal,mr. john stevens,adjourned,karnataka,mangalore,,,,False,False,False,False,False,False,False,False,False,False,0.05527638190954774,0.8275862068965517,1.0,0.25,0.16666666666666666,0.7368421052631579,0.7894736842105263,,
13,SC1012,2023,Criminal appeal,"Patel, Kumar and Singh",2015-01-13,Criminal Law,Unanimous,Conservative,8,2,Mr. John Stevens,Adjourned,17.0,,16.0,Rajasthan,Jodhpur,sc1012,criminal appeal,"patel, kumar and singh",criminal law,unanimous,conservative,mr. john stevens,adjourned,rajasthan,jodhpur,2015.0,1.0,13.0,False,False,False,False,False,False,False,False,False,False,0.06030150753768844,0.9655172413793104,0.75,0.5,0.8888888888888888,,0.8421052631578947,0.0,0.4
14,SC1013,2009,Labor dispute,Sharma Associates,2015-01-14,Economic Activity,Unanimous,Conservative,9,1,Mr. Anthony Brown,Adjourned,14.0,24.0,2.0,Rajasthan,Kota,sc1013,labor dispute,sharma associates,economic activity,unanimous,conservative,mr. anthony brown,adjourned,rajasthan,kota,2015.0,1.0,14.0,False,False,False,False,False,False,False,False,False,False,0.06532663316582915,0.4827586206896552,1.0,0.25,0.7222222222222222,0.6052631578947368,0.10526315789473684,0.0,0.43333333333333335
15,SC1014,2016,Freedom of speech,"Patel, Kumar and Singh",2015-01-15,Civil Rights,Per Curiam,Conservative,9,0,Mr. John Stevens,Adjourned,14.0,23.0,17.0,West Bengal,Howrah,sc1014,freedom of speech,"patel, kumar and singh",civil rights,per curiam,conservative,mr. john stevens,adjourned,west bengal,howrah,2015.0,1.0,15.0,False,False,False,False,False,False,False,False,False,False,0.07035175879396985,0.7241379310344828,1.0,0.0,0.7222222222222222,0.5789473684210527,0.8947368421052632,0.0,0.4666666666666667
16,SC1015,2024,Labor dispute,"Jones, Brown and Parker",2015-01-16,Economic Activity,Unanimous,Liberal,9,1,Christopher Rivera,Pending,13.0,23.0,7.0,Uttar Pradesh,Allahabad,sc1015,labor dispute,"jones, brown and parker",economic activity,unanimous,liberal,christopher rivera,pending,uttar pradesh,allahabad,2015.0,1.0,16.0,False,False,False,False,False,False,False,False,False,False,0.07537688442211055,1.0,1.0,0.25,0.6666666666666666,0.5789473684210527,0.3684210526315789,0.0,0.5
17,SC1016,2024,Contract law,"Jones, Brown and Parker",2015-01-17,Civil Rights,Per Curiam,Liberal,9,2,Mr. Anthony Brown,Pending,7.0,10.0,16.0,Bihar,Muzaffarpur,sc1016,contract law,"jones, brown and parker",civil rights,per curiam,liberal,mr. anthony brown,pending,bihar,muzaffarpur,2015.0,1.0,17.0,False,False,False,False,False,False,False,False,False,False,0.08040201005025126,1.0,1.0,0.5,0.3333333333333333,0.23684210526315788,0.8421052631578947,0.0,0.5333333333333333
18,SC1017,2005,Judicial review,"Jones, Brown and Parker",2015-01-18,Civil Rights,Plurality,Liberal,7,4,Mrs. Victoria Baker MD,Adjourned,12.0,14.0,,Uttar Pradesh,Lucknow,sc1017,judicial review,"jones, brown and parker",civil rights,plurality,liberal,mrs. victoria baker md,adjourned,uttar pradesh,lucknow,2015.0,1.0,18.0,False,False,False,False,False,False,False,False,False,False,0.08542713567839195,0.3448275862068966,0.5,1.0,0.6111111111111112,0.34210526315789475,,0.0,0.5666666666666667
19,SC1018,2007,Freedom of speech,Sharma Associates,2015-01-19,Criminal Law,Unanimous,Conservative,5,0,Christopher Rivera,Disposed,15.0,32.0,5.0,Karnataka,Hubli,sc1018,freedom of speech,sharma associates,criminal law,unanimous,conservative,christopher rivera,disposed,karnataka,hubli,2015.0,1.0,19.0,False,False,False,False,False,False,False,False,False,False,0.09045226130653267,0.41379310344827586,0.0,0.0,0.7777777777777778,0.8157894736842105,0.2631578947368421,0.0,0.6
20,SC1019,2017,Property dispute,"Patel, Kumar and Singh",2015-01-20,Judicial Power,Majority,Conservative,5,1,Mrs. Victoria Baker MD,Disposed,19.0,13.0,5.0,Maharashtra,Nagpur,sc1019,property dispute,"patel, kumar and singh",judicial power,majority,conservative,mrs. victoria baker md,disposed,maharashtra,nagpur,2015.0,1.0,20.0,False,False,False,False,False,False,False,False,False,False,0.09547738693467336,0.7586206896551724,0.0,0.25,1.0,0.3157894736842105,0.2631578947368421,0.0,0.6333333333333333
21,SC1020,2010,Property dispute,"Patel, Kumar and Singh",2015-01-21,Environmental Law,Per Curiam,Conservative,6,3,Mr. Anthony Brown,Pending,11.0,17.0,0.0,Kerala,Kollam,sc1020,property dispute,"patel, kumar and singh",environmental law,per curiam,conservative,mr. anthony brown,pending,kerala,kollam,2015.0,1.0,21.0,False,False,False,False,False,False,False,False,False,False,0.10050251256281408,0.5172413793103449,0.25,0.75,0.5555555555555556,0.42105263157894735,0.0,0.0,0.6666666666666666
22,SC1021,2018,Judicial review,"Jones, Brown and Parker",2015-01-22,Economic Activity,Per Curiam,Liberal,6,2,Mr. John Stevens,Adjourned,15.0,11.0,0.0,Gujarat,Ahmedabad,sc1021,judicial review,"jones, brown and parker",economic activity,per curiam,liberal,mr. john stevens,adjourned,gujarat,ahmedabad,2015.0,1.0,22.0,False,False,False,False,False,False,False,False,False,False,0.10552763819095477,0.7931034482758621,0.25,0.5,0.7777777777777778,0.2631578947368421,0.0,0.0,0.7
23,SC1022,2000,Environmental law,Sharma Associates,,Judicial Power,Per Curiam,Conservative,5,1,Mr. Anthony Brown,Adjourned,12.0,21.0,11.0,Gujarat,Surat,sc1022,environmental law,sharma associates,judicial power,per curiam,conservative,mr. anthony brown,adjourned,gujarat,surat,,,,False,False,False,False,False,False,False,False,False,False,0.11055276381909548,0.1724137931034483,0.0,0.25,0.6111111111111112,0.5263157894736842,0.5789473684210527,,
24,SC1023,2015,Contract law,Gupta Group,2015-01-24,Judicial Power,Majority,Liberal,9,1,Mr. Anthony Brown,Pending,3.0,39.0,14.0,Madhya Pradesh,Ujjain,sc1023,contract law,gupta group,judicial power,majority,liberal,mr. anthony brown,pending,madhya pradesh,ujjain,2015.0,1.0,24.0,False,False,False,False,False,False,False,False,False,False,0.11557788944723618,0.6896551724137931,1.0,0.25,0.1111111111111111,1.0,0.7368421052631579,0.0,0.7666666666666667
25,SC1024,2003,Contract law,Rao and Sons,2015-01-25,Criminal Law,Majority,Conservative,8,4,Mr. John Stevens,Disposed,17.0,3.0,16.0,Tamil Nadu,Madurai,sc1024,contract law,rao and sons,criminal law,majority,conservative,mr. john stevens,disposed,tamil nadu,madurai,2015.0,1.0,25.0,False,False,False,False,False,False,False,False,False,False,0.12060301507537688,0.27586206896551724,0.75,1.0,0.8888888888888888,0.05263157894736842,0.8421052631578947,0.0,0.8
26,SC1025,2003,Contract law,Smith & Co,2015-01-26,Environmental Law,Unanimous,Conservative,6,3,Mrs. Victoria Baker MD,Disposed,3.0,11.0,11.0,Bihar,Bhagalpur,sc1025,contract law,smith & co,environmental law,unanimous,conservative,mrs. victoria baker md,disposed,bihar,bhagalpur,2015.0,1.0,26.0,False,False,False,False,False,False,False,False,False,False,0.12562814070351758,0.27586206896551724,0.25,0.75,0.1111111111111111,0.2631578947368421,0.5789473684210527,0.0,0.8333333333333334
27,SC1026,2005,Judicial review,Rao and Sons,2015-01-27,Civil Rights,Per Curiam,Liberal,6,0,Mr. Anthony Brown,Disposed,19.0,,5.0,Rajasthan,Udaipur,sc1026,judicial review,rao and sons,civil rights,per curiam,liberal,mr. anthony brown,disposed,rajasthan,udaipur,2015.0,1.0,27.0,False,False,False,False,False,False,False,False,False,False,0.1306532663316583,0.3448275862068966,0.25,0.0,1.0,,0.2631578947368421,0.0,0.8666666666666667
28,SC1027,2016,Criminal appeal,White Group,2015-01-28,Judicial Power,Per Curiam,Conservative,7,1,Mrs. Tammy Alexander MD,Pending,4.0,19.0,,West Bengal,Howrah,sc1027,criminal appeal,white group,judicial power,per curiam,conservative,mrs. tammy alexander md,pending,west bengal,howrah,2015.0,1.0,28.0,False,False,False,False,False,False,False,False,False,False,0.135678391959799,0.7241379310344828,0.5,0.25,0.16666666666666666,0.47368421052631576,,0.0,0.9
29,SC1028,2008,Property dispute,Smith & Co,2015-01-29,Environmental Law,Unanimous,Liberal,5,3,Mrs. Victoria Baker MD,Disposed,3.0,29.0,6.0,Madhya Pradesh,Ujjain,sc1028,property dispute,smith & co,environmental law,unanimous,liberal,mrs. victoria baker md,disposed,madhya pradesh,ujjain,2015.0,1.0,29.0,False,False,False,False,False,False,False,False,False,False,0.1407035175879397,0.4482758620689655,0.0,0.75,0.1111111111111111,0.7368421052631579,0.3157894736842105,0.0,0.9333333333333333
30,SC1029,2014,Labor dispute,"Jones, Brown and Parker",2015-01-30,Criminal Law,Majority,Liberal,5,1,Christopher Rivera,Pending,16.0,32.0,16.0,Bihar,Gaya,sc1029,labor dispute,"jones, brown and parker",criminal law,majority,liberal,christopher rivera,pending,bihar,gaya,2015.0,1.0,30.0,False,False,False,False,False,False,False,False,False,False,0.1457286432160804,0.6551724137931034,0.0,0.25,0.8333333333333334,0.8157894736842105,0.8421052631578947,0.0,0.9666666666666667
31,SC1030,2003,Case about tax,Gupta Group,2015-01-31,Economic Activity,Per Curiam,Liberal,6,1,Mr. John Stevens,Pending,12.0,23.0,4.0,Gujarat,Ahmedabad,sc1030,case about tax,gupta group,economic activity,per curiam,liberal,mr. john stevens,pending,gujarat,ahmedabad,2015.0,1.0,31.0,False,False,False,False,False,False,False,False,False,False,0.1507537688442211,0.27586206896551724,0.25,0.25,0.6111111111111112,0.5789473684210527,0.21052631578947367,0.0,1.0
32,SC1031,2018,Contract law,"Jones, Brown and Parker",2015-02-01,Civil Rights,Per Curiam,Liberal,8,3,Mr. John Stevens,Adjourned,8.0,26.0,7.0,West Bengal,Kolkata,sc1031,contract law,"jones, brown and parker",civil rights,per curiam,liberal,mr. john stevens,adjourned,west bengal,kolkata,2015.0,2.0,1.0,False,False,False,False,False,False,False,False,False,False,0.15577889447236182,0.7931034482758621,0.75,0.75,0.3888888888888889,0.6578947368421053,0.3684210526315789,0.16666666666666666,0.0
33,SC1032,1996,Criminal appeal,"Torres, Harris and Baker",2015-02-02,Economic Activity,Per Curiam,Liberal,6,4,Mr. Anthony Brown,Disposed,17.0,17.0,15.0,Bihar,Bhagalpur,sc1032,criminal appeal,"torres, harris and baker",economic activity,per curiam,liberal,mr. anthony brown,disposed,bihar,bhagalpur,2015.0,2.0,2.0,False,False,False,False,False,False,False,False,False,False,0.16080402010050251,0.034482758620689655,0.25,1.0,0.8888888888888888,0.42105263157894735,0.7894736842105263,0.16666666666666666,0.03333333333333333
34,SC1033,2021,Contract law,Gupta Group,2015-02-03,Civil Rights,Majority,Conservative,5,3,Mrs. Victoria Baker MD,Pending,7.0,25.0,1.0,Madhya Pradesh,Gwalior,sc1033,contract law,gupta group,civil rights,majority,conservative,mrs. victoria baker md,pending,madhya pradesh,gwalior,2015.0,2.0,3.0,False,False,False,False,False,False,False,False,False,False,0.1658291457286432,0.896551724137931,0.0,0.75,0.3333333333333333,0.631578947368421,0.05263157894736842,0.16666666666666666,0.06666666666666667
35,SC1034,2024,Case about tax,Rao and Sons,2015-02-04,Judicial Power,Plurality,Liberal,8,0,Dr. Lisa Morgan,Disposed,,22.0,19.0,Bihar,Bhagalpur,sc1034,case about tax,rao and sons,judicial power,plurality,liberal,dr. lisa morgan,disposed,bihar,bhagalpur,2015.0,2.0,4.0,False,False,False,False,False,False,False,False,False,False,0.1708542713567839,1.0,0.75,0.0,,0.5526315789473685,1.0,0.16666666666666666,0.1
36,SC1035,1998,Property dispute,"Patel, Kumar and Singh",,Judicial Power,Unanimous,Conservative,5,2,Mr. John Stevens,Disposed,18.0,,10.0,Tamil Nadu,Coimbatore,sc1035,property dispute,"patel, kumar and singh",judicial power,unanimous,conservative,mr. john stevens,disposed,tamil nadu,coimbatore,,,,False,False,False,False,False,False,False,False,False,False,0.17587939698492464,0.10344827586206896,0.0,0.5,0.9444444444444444,,0.5263157894736842,,
37,SC1036,2020,Contract law,"Jones, Brown and Parker",2015-02-06,Civil Rights,Plurality,Conservative,7,1,Mr. Anthony Brown,Adjourned,1.0,4.0,11.0,Karnataka,Hubli,sc1036,contract law,"jones, brown and parker",civil rights,plurality,conservative,mr. anthony brown,adjourned,karnataka,hubli,2015.0,2.0,6.0,False,False,False,False,False,False,False,False,False,False,0.18090452261306533,0.8620689655172413,0.5,0.25,0.0,0.07894736842105263,0.5789473684210527,0.16666666666666666,0.16666666666666666
38,SC1037,1999,Case about tax,Rao and Sons,2015-02-07,Criminal Law,Majority,Conservative,6,3,Mr. John Stevens,Disposed,3.0,1.0,4.0,Gujarat,Ahmedabad,sc1037,case about tax,rao and sons,criminal law,majority,conservative,mr. john stevens,disposed,gujarat,ahmedabad,2015.0,2.0,7.0,False,False,False,False,False,False,False,False,False,False,0.18592964824120603,0.13793103448275862,0.25,0.75,0.1111111111111111,0.0,0.21052631578947367,0.16666666666666666,0.2
39,SC1038,2022,Labor dispute,"Patel, Kumar and Singh",2015-02-08,Civil Rights,Plurality,Conservative,5,2,Dr. Lisa Morgan,Adjourned,4.0,38.0,7.0,Karnataka,Mangalore,sc1038,labor dispute,"patel, kumar and singh",civil rights,plurality,conservative,dr. lisa morgan,adjourned,karnataka,mangalore,2015.0,2.0,8.0,False,False,False,False,False,False,False,False,False,False,0.19095477386934673,0.9310344827586207,0.0,0.5,0.16666666666666666,0.9736842105263158,0.3684210526315789,0.16666666666666666,0.23333333333333334
40,SC1039,2009,Freedom of speech,Rao and Sons,2015-02-09,Environmental Law,Per Curiam,Conservative,9,3,Dr. Lisa Morgan,Pending,13.0,24.0,17.0,Madhya Pradesh,Bhopal,sc1039,freedom of speech,rao and sons,environmental law,per curiam,conservative,dr. lisa morgan,pending,madhya pradesh,bhopal,2015.0,2.0,9.0,False,False,False,False,False,False,False,False,False,False,0.19597989949748743,0.4827586206896552,1.0,0.75,0.6666666666666666,0.6052631578947368,0.8947368421052632,0.16666666666666666,0.26666666666666666
41,SC1040,2009,Environmental law,Sharma Associates,2015-02-10,Criminal Law,Per Curiam,Liberal,9,2,Christopher Rivera,Disposed,6.0,39.0,16.0,Maharashtra,Nashik,sc1040,environmental law,sharma associates,criminal law,per curiam,liberal,christopher rivera,disposed,maharashtra,nashik,2015.0,2.0,10.0,False,False,False,False,False,False,False,False,False,False,0.20100502512562815,0.4827586206896552,1.0,0.5,0.2777777777777778,1.0,0.8421052631578947,0.16666666666666666,0.3
42,SC1041,2011,Environmental law,White Group,2015-02-11,Environmental Law,Plurality,Conservative,9,3,Dr. Lisa Morgan,Pending,14.0,22.0,13.0,Gujarat,Vadodara,sc1041,environmental law,white group,environmental law,plurality,conservative,dr. lisa morgan,pending,gujarat,vadodara,2015.0,2.0,11.0,False,False,False,False,False,False,False,False,False,False,0.20603015075376885,0.5517241379310345,1.0,0.75,0.7222222222222222,0.5526315789473685,0.6842105263157895,0.16666666666666666,0.3333333333333333
43,SC1042,2006,Case about tax,Rao and Sons,2015-02-12,Environmental Law,Plurality,Conservative,7,4,Mrs. Victoria Baker MD,Disposed,5.0,27.0,14.0,Madhya Pradesh,Bhopal,sc1042,case about tax,rao and sons,environmental law,plurality,conservative,mrs. victoria baker md,disposed,madhya pradesh,bhopal,2015.0,2.0,12.0,False,False,False,False,False,False,False,False,False,False,0.21105527638190955,0.3793103448275862,0.5,1.0,0.2222222222222222,0.6842105263157895,0.7368421052631579,0.16666666666666666,0.36666666666666664
44,SC1043,2024,Judicial review,Gupta Group,2015-02-13,Economic Activity,Majority,Conservative,5,4,Mrs. Tammy Alexander MD,Pending,16.0,,15.0,Rajasthan,Jodhpur,sc1043,judicial review,gupta group,economic activity,majority,conservative,mrs. tammy alexander md,pending,rajasthan,jodhpur,2015.0,2.0,13.0,False,False,False,False,False,False,False,False,False,False,0.21608040201005024,1.0,0.0,1.0,0.8333333333333334,,0.7894736842105263,0.16666666666666666,0.4
45,SC1044,1997,Criminal appeal,Smith & Co,2015-02-14,Judicial Power,Unanimous,Liberal,5,4,Christopher Rivera,Disposed,15.0,37.0,7.0,Maharashtra,Mumbai,sc1044,criminal appeal,smith & co,judicial power,unanimous,liberal,christopher rivera,disposed,maharashtra,mumbai,2015.0,2.0,14.0,False,False,False,False,False,False,False,False,False,False,0.22110552763819097,0.06896551724137931,0.0,1.0,0.7777777777777778,0.9473684210526315,0.3684210526315789,0.16666666666666666,0.43333333333333335
46,SC1045,2008,Property dispute,"Patel, Kumar and Singh",2015-02-15,Environmental Law,Majority,Conservative,6,1,Mr. Anthony Brown,Disposed,15.0,3.0,18.0,Tamil Nadu,Coimbatore,sc1045,property dispute,"patel, kumar and singh",environmental law,majority,conservative,mr. anthony brown,disposed,tamil nadu,coimbatore,2015.0,2.0,15.0,False,False,False,False,False,False,False,False,False,False,0.22613065326633167,0.4482758620689655,0.25,0.25,0.7777777777777778,0.05263157894736842,0.9473684210526315,0.16666666666666666,0.4666666666666667
47,SC1046,2017,Judicial review,"Jones, Brown and Parker",2015-02-16,Civil Rights,Per Curiam,Liberal,5,4,Mrs. Tammy Alexander MD,Disposed,4.0,12.0,1.0,Kerala,Thiruvananthapuram,sc1046,judicial review,"jones, brown and parker",civil rights,per curiam,liberal,mrs. tammy alexander md,disposed,kerala,thiruvananthapuram,2015.0,2.0,16.0,False,False,False,False,False,False,False,False,False,False,0.23115577889447236,0.7586206896551724,0.0,1.0,0.16666666666666666,0.2894736842105263,0.05263157894736842,0.16666666666666666,0.5
48,SC1047,2012,Case about tax,"Jones, Brown and Parker",,Civil Rights,Majority,Liberal,6,2,Dr. Lisa Morgan,Disposed,8.0,12.0,2.0,Tamil Nadu,Coimbatore,sc1047,case about tax,"jones, brown and parker",civil rights,majority,liberal,dr. lisa morgan,disposed,tamil nadu,coimbatore,,,,False,False,False,False,False,False,False,False,False,False,0.23618090452261306,0.5862068965517241,0.25,0.5,0.3888888888888889,0.2894736842105263,0.10526315789473684,,
49,SC1048,2009,Environmental law,"Torres, Harris and Baker",2015-02-18,Judicial Power,Plurality,Liberal,9,4,Mrs. Victoria Baker MD,,16.0,30.0,7.0,Bihar,Darbhanga,sc1048,environmental law,"torres, harris and baker",judicial power,plurality,liberal,mrs. victoria baker md,nan,bihar,darbhanga,2015.0,2.0,18.0,False,False,False,False,False,False,False,False,False,False,0.24120603015075376,0.4827586206896552,1.0,1.0,0.8333333333333334,0.7631578947368421,0.3684210526315789,0.16666666666666666,0.5666666666666667
50,SC1049,1998,Environmental law,Sharma Associates,2015-02-19,Civil Rights,Per Curiam,Liberal,5,3,Mr. John Stevens,Disposed,16.0,3.0,12.0,Kerala,Kozhikode,sc1049,environmental law,sharma associates,civil rights,per curiam,liberal,mr. john stevens,disposed,kerala,kozhikode,2015.0,2.0,19.0,False,False,False,False,False,False,False,False,False,False,0.24623115577889448,0.10344827586206896,0.0,0.75,0.8333333333333334,0.05263157894736842,0.631578947368421,0.16666666666666666,0.6
51,SC1050,2024,Criminal appeal,"Jones, Brown and Parker",2015-02-20,Environmental Law,Per Curiam,Conservative,8,0,Mr. John Stevens,Disposed,4.0,32.0,17.0,Uttar Pradesh,Lucknow,sc1050,criminal appeal,"jones, brown and parker",environmental law,per curiam,conservative,mr. john stevens,disposed,uttar pradesh,lucknow,2015.0,2.0,20.0,False,False,False,False,False,False,False,False,False,False,0.25125628140703515,1.0,0.75,0.0,0.16666666666666666,0.8157894736842105,0.8947368421052632,0.16666666666666666,0.6333333333333333
52,SC1051,1995,Judicial review,"Patel, Kumar and Singh",2015-02-21,Environmental Law,Per Curiam,Conservative,9,4,Mr. John Stevens,Disposed,13.0,23.0,12.0,Rajasthan,Jodhpur,sc1051,judicial review,"patel, kumar and singh",environmental law,per curiam,conservative,mr. john stevens,disposed,rajasthan,jodhpur,2015.0,2.0,21.0,False,False,False,False,False,False,False,False,False,False,0.2562814070351759,0.0,1.0,1.0,0.6666666666666666,0.5789473684210527,0.631578947368421,0.16666666666666666,0.6666666666666666
53,SC1052,2007,Case about tax,Rao and Sons,2015-02-22,Economic Activity,Per Curiam,Conservative,5,2,Christopher Rivera,Disposed,13.0,16.0,12.0,Tamil Nadu,Salem,sc1052,case about tax,rao and sons,economic activity,per curiam,conservative,christopher rivera,disposed,tamil nadu,salem,2015.0,2.0,22.0,False,False,False,False,False,False,False,False,False,False,0.2613065326633166,0.41379310344827586,0.0,0.5,0.6666666666666666,0.39473684210526316,0.631578947368421,0.16666666666666666,0.7
54,SC1053,2004,Environmental law,Gupta Group,2015-02-23,Judicial Power,Plurality,Conservative,9,0,Mr. John Stevens,Pending,2.0,14.0,2.0,Madhya Pradesh,Jabalpur,sc1053,environmental law,gupta group,judicial power,plurality,conservative,mr. john stevens,pending,madhya pradesh,jabalpur,2015.0,2.0,23.0,False,False,False,False,False,False,False,False,False,False,0.2663316582914573,0.3103448275862069,1.0,0.0,0.05555555555555555,0.34210526315789475,0.10526315789473684,0.16666666666666666,0.7333333333333333
55,SC1054,2014,Property dispute,Smith & Co,2015-02-24,Economic Activity,Majority,Liberal,9,1,Christopher Rivera,Adjourned,3.0,9.0,7.0,Maharashtra,Aurangabad,sc1054,property dispute,smith & co,economic activity,majority,liberal,christopher rivera,adjourned,maharashtra,aurangabad,2015.0,2.0,24.0,False,False,False,False,False,False,False,False,False,False,0.271356783919598,0.6551724137931034,1.0,0.25,0.1111111111111111,0.21052631578947367,0.3684210526315789,0.16666666666666666,0.7666666666666667
56,SC1055,2010,Case about tax,"Patel, Kumar and Singh",2015-02-25,Environmental Law,Plurality,Conservative,6,3,Christopher Rivera,Disposed,8.0,8.0,8.0,Maharashtra,Nashik,sc1055,case about tax,"patel, kumar and singh",environmental law,plurality,conservative,christopher rivera,disposed,maharashtra,nashik,2015.0,2.0,25.0,False,False,False,False,False,False,False,False,False,False,0.27638190954773867,0.5172413793103449,0.25,0.75,0.3888888888888889,0.18421052631578946,0.42105263157894735,0.16666666666666666,0.8
57,SC1056,2015,Contract law,"Patel, Kumar and Singh",2015-02-26,Economic Activity,Per Curiam,Conservative,6,1,Dr. Lisa Morgan,Adjourned,15.0,5.0,14.0,Madhya Pradesh,Indore,sc1056,contract law,"patel, kumar and singh",economic activity,per curiam,conservative,dr. lisa morgan,adjourned,madhya pradesh,indore,2015.0,2.0,26.0,False,False,False,False,False,False,False,False,False,False,0.2814070351758794,0.6896551724137931,0.25,0.25,0.7777777777777778,0.10526315789473684,0.7368421052631579,0.16666666666666666,0.8333333333333334
58,SC1057,2000,Case about tax,White Group,2015-02-27,Judicial Power,Unanimous,Conservative,8,4,Christopher Rivera,Disposed,11.0,18.0,3.0,Kerala,Kozhikode,sc1057,case about tax,white group,judicial power,unanimous,conservative,christopher rivera,disposed,kerala,kozhikode,2015.0,2.0,27.0,False,False,False,False,False,False,False,False,False,False,0.2864321608040201,0.1724137931034483,0.75,1.0,0.5555555555555556,0.4473684210526316,0.15789473684210525,0.16666666666666666,0.8666666666666667
59,SC1058,2015,Property dispute,Smith & Co,2015-02-28,Economic Activity,Plurality,Liberal,6,1,Mrs. Victoria Baker MD,Disposed,9.0,39.0,14.0,Rajasthan,Udaipur,sc1058,property dispute,smith & co,economic activity,plurality,liberal,mrs. victoria baker md,disposed,rajasthan,udaipur,2015.0,2.0,28.0,False,False,False,False,False,False,False,False,False,False,0.2914572864321608,0.6896551724137931,0.25,0.25,0.4444444444444444,1.0,0.7368421052631579,0.16666666666666666,0.9
60,SC1059,1998,Criminal appeal,Smith & Co,2015-03-01,Economic Activity,Plurality,Liberal,7,3,Mr. Anthony Brown,Pending,7.0,17.0,13.0,Gujarat,Bhavnagar,sc1059,criminal appeal,smith & co,economic activity,plurality,liberal,mr. anthony brown,pending,gujarat,bhavnagar,2015.0,3.0,1.0,False,False,False,False,False,False,False,False,False,False,0.2964824120603015,0.10344827586206896,0.5,0.75,0.3333333333333333,0.42105263157894735,0.6842105263157895,0.3333333333333333,0.0
61,SC1060,2016,Case about tax,Rao and Sons,2015-03-02,Environmental Law,Per Curiam,Conservative,8,0,Dr. Lisa Morgan,Pending,13.0,28.0,12.0,Gujarat,Vadodara,sc1060,case about tax,rao and sons,environmental law,per curiam,conservative,dr. lisa morgan,pending,gujarat,vadodara,2015.0,3.0,2.0,False,False,False,False,False,False,False,False,False,False,0.3015075376884422,0.7241379310344828,0.75,0.0,0.6666666666666666,0.7105263157894737,0.631578947368421,0.3333333333333333,0.03333333333333333
62,SC1061,2008,Contract law,"Jones, Brown and Parker",2015-03-03,Judicial Power,Unanimous,Liberal,8,3,Mrs. Victoria Baker MD,Adjourned,2.0,27.0,2.0,Tamil Nadu,Salem,sc1061,contract law,"jones, brown and parker",judicial power,unanimous,liberal,mrs. victoria baker md,adjourned,tamil nadu,salem,2015.0,3.0,3.0,False,False,False,False,False,False,False,False,False,False,0.3065326633165829,0.4482758620689655,0.75,0.75,0.05555555555555555,0.6842105263157895,0.10526315789473684,0.3333333333333333,0.06666666666666667
63,SC1062,2002,Environmental law,Sharma Associates,2015-03-04,Criminal Law,Unanimous,Liberal,5,4,Mrs. Tammy Alexander MD,Pending,8.0,31.0,8.0,Maharashtra,Pune,sc1062,environmental law,sharma associates,criminal law,unanimous,liberal,mrs. tammy alexander md,pending,maharashtra,pune,2015.0,3.0,4.0,False,False,False,False,False,False,False,False,False,False,0.31155778894472363,0.2413793103448276,0.0,1.0,0.3888888888888889,0.7894736842105263,0.42105263157894735,0.3333333333333333,0.1
64,SC1063,2021,Property dispute,White Group,2015-03-05,Criminal Law,Per Curiam,Conservative,8,1,Mrs. Victoria Baker MD,Pending,7.0,10.0,18.0,Bihar,Bhagalpur,sc1063,property dispute,white group,criminal law,per curiam,conservative,mrs. victoria baker md,pending,bihar,bhagalpur,2015.0,3.0,5.0,False,False,False,False,False,False,False,False,False,False,0.3165829145728643,0.896551724137931,0.75,0.25,0.3333333333333333,0.23684210526315788,0.9473684210526315,0.3333333333333333,0.13333333333333333
65,SC1064,2000,Property dispute,Sharma Associates,2015-03-06,Criminal Law,Plurality,Conservative,7,0,Dr. Lisa Morgan,Adjourned,12.0,29.0,0.0,Gujarat,Bhavnagar,sc1064,property dispute,sharma associates,criminal law,plurality,conservative,dr. lisa morgan,adjourned,gujarat,bhavnagar,2015.0,3.0,6.0,False,False,False,False,False,False,False,False,False,False,0.32160804020100503,0.1724137931034483,0.5,0.0,0.6111111111111112,0.7368421052631579,0.0,0.3333333333333333,0.16666666666666666
66,SC1065,2012,Property dispute,Smith & Co,2015-03-07,Criminal Law,Plurality,Liberal,9,1,Christopher Rivera,Pending,19.0,10.0,13.0,Madhya Pradesh,Ujjain,sc1065,property dispute,smith & co,criminal law,plurality,liberal,christopher rivera,pending,madhya pradesh,ujjain,2015.0,3.0,7.0,False,False,False,False,False,False,False,False,False,False,0.32663316582914576,0.5862068965517241,1.0,0.25,1.0,0.23684210526315788,0.6842105263157895,0.3333333333333333,0.2
67,SC1066,2016,Criminal appeal,Rao and Sons,2015-03-08,Civil Rights,Majority,Conservative,8,2,Mr. Anthony Brown,Disposed,7.0,2.0,,Karnataka,Bengaluru,sc1066,criminal appeal,rao and sons,civil rights,majority,conservative,mr. anthony brown,disposed,karnataka,bengaluru,2015.0,3.0,8.0,False,False,False,False,False,False,False,False,False,False,0.3316582914572864,0.7241379310344828,0.75,0.5,0.3333333333333333,0.02631578947368421,,0.3333333333333333,0.23333333333333334
68,SC1067,2005,Judicial review,Smith & Co,2015-03-09,Civil Rights,Majority,Liberal,6,3,Dr. Lisa Morgan,Adjourned,10.0,4.0,9.0,Madhya Pradesh,Jabalpur,sc1067,judicial review,smith & co,civil rights,majority,liberal,dr. lisa morgan,adjourned,madhya pradesh,jabalpur,2015.0,3.0,9.0,False,False,False,False,False,False,False,False,False,False,0.33668341708542715,0.3448275862068966,0.25,0.75,0.5,0.07894736842105263,0.47368421052631576,0.3333333333333333,0.26666666666666666
69,SC1068,2005,Environmental law,Rao and Sons,2015-03-10,Civil Rights,Plurality,Conservative,9,3,Mr. John Stevens,Adjourned,16.0,9.0,19.0,West Bengal,Asansol,sc1068,environmental law,rao and sons,civil rights,plurality,conservative,mr. john stevens,adjourned,west bengal,asansol,2015.0,3.0,10.0,False,False,False,False,False,False,False,False,False,False,0.3417085427135678,0.3448275862068966,1.0,0.75,0.8333333333333334,0.21052631578947367,1.0,0.3333333333333333,0.3
70,SC1069,2005,Freedom of speech,"Patel, Kumar and Singh",2015-03-11,Civil Rights,Per Curiam,Liberal,7,0,Mr. Anthony Brown,Disposed,3.0,25.0,18.0,Karnataka,Belgaum,sc1069,freedom of speech,"patel, kumar and singh",civil rights,per curiam,liberal,mr. anthony brown,disposed,karnataka,belgaum,2015.0,3.0,11.0,False,False,False,False,False,False,False,False,False,False,0.34673366834170855,0.3448275862068966,0.5,0.0,0.1111111111111111,0.631578947368421,0.9473684210526315,0.3333333333333333,0.3333333333333333
71,SC1070,1998,Contract law,Sharma Associates,2015-03-12,Judicial Power,Unanimous,Conservative,6,4,Mr. Anthony Brown,Pending,10.0,17.0,5.0,Karnataka,Bengaluru,sc1070,contract law,sharma associates,judicial power,unanimous,conservative,mr. anthony brown,pending,karnataka,bengaluru,2015.0,3.0,12.0,False,False,False,False,False,False,False,False,False,False,0.35175879396984927,0.10344827586206896,0.25,1.0,0.5,0.42105263157894735,0.2631578947368421,0.3333333333333333,0.36666666666666664
72,SC1071,2008,Freedom of speech,White Group,2015-03-13,Criminal Law,Per Curiam,Liberal,7,3,Christopher Rivera,Adjourned,,15.0,17.0,Gujarat,Rajkot,sc1071,freedom of speech,white group,criminal law,per curiam,liberal,christopher rivera,adjourned,gujarat,rajkot,2015.0,3.0,13.0,False,False,False,False,False,False,False,False,False,False,0.35678391959798994,0.4482758620689655,0.5,0.75,,0.3684210526315789,0.8947368421052632,0.3333333333333333,0.4
73,SC1072,2010,Labor dispute,Gupta Group,2015-03-14,Judicial Power,Majority,Liberal,9,1,Mrs. Tammy Alexander MD,Adjourned,18.0,18.0,,Karnataka,Bengaluru,sc1072,labor dispute,gupta group,judicial power,majority,liberal,mrs. tammy alexander md,adjourned,karnataka,bengaluru,2015.0,3.0,14.0,False,False,False,False,False,False,False,False,False,False,0.36180904522613067,0.5172413793103449,1.0,0.25,0.9444444444444444,0.4473684210526316,,0.3333333333333333,0.43333333333333335
74,SC1073,2000,Freedom of speech,White Group,,Economic Activity,Unanimous,Conservative,7,0,Mr. John Stevens,Disposed,18.0,37.0,18.0,Uttar Pradesh,Lucknow,sc1073,freedom of speech,white group,economic activity,unanimous,conservative,mr. john stevens,disposed,uttar pradesh,lucknow,,,,False,False,False,False,False,False,False,False,False,False,0.36683417085427134,0.1724137931034483,0.5,0.0,0.9444444444444444,0.9473684210526315,0.9473684210526315,,
75,SC1074,2011,Environmental law,"Torres, Harris and Baker",2015-03-16,Civil Rights,Per Curiam,Conservative,5,3,Dr. Lisa Morgan,Disposed,,28.0,10.0,Tamil Nadu,Chennai,sc1074,environmental law,"torres, harris and baker",civil rights,per curiam,conservative,dr. lisa morgan,disposed,tamil nadu,chennai,2015.0,3.0,16.0,False,False,False,False,False,False,False,False,False,False,0.37185929648241206,0.5517241379310345,0.0,0.75,,0.7105263157894737,0.5263157894736842,0.3333333333333333,0.5
76,SC1075,2012,Contract law,Gupta Group,2015-03-17,Economic Activity,Plurality,Liberal,5,3,Mrs. Tammy Alexander MD,Pending,7.0,34.0,11.0,West Bengal,Durgapur,sc1075,contract law,gupta group,economic activity,plurality,liberal,mrs. tammy alexander md,pending,west bengal,durgapur,2015.0,3.0,17.0,False,False,False,False,False,False,False,False,False,False,0.3768844221105528,0.5862068965517241,0.0,0.75,0.3333333333333333,0.868421052631579,0.5789473684210527,0.3333333333333333,0.5333333333333333
77,SC1076,2023,Case about tax,"Torres, Harris and Baker",2015-03-18,Civil Rights,Per Curiam,Liberal,9,3,Mrs. Victoria Baker MD,Adjourned,2.0,37.0,12.0,Gujarat,Vadodara,sc1076,case about tax,"torres, harris and baker",civil rights,per curiam,liberal,mrs. victoria baker md,adjourned,gujarat,vadodara,2015.0,3.0,18.0,False,False,False,False,False,False,False,False,False,False,0.38190954773869346,0.9655172413793104,1.0,0.75,0.05555555555555555,0.9473684210526315,0.631578947368421,0.3333333333333333,0.5666666666666667
78,SC1077,2000,Property dispute,Smith & Co,2015-03-19,Criminal Law,Per Curiam,Conservative,6,2,Mrs. Victoria Baker MD,Pending,11.0,28.0,3.0,Gujarat,Ahmedabad,sc1077,property dispute,smith & co,criminal law,per curiam,conservative,mrs. victoria baker md,pending,gujarat,ahmedabad,2015.0,3.0,19.0,False,False,False,False,False,False,False,False,False,False,0.3869346733668342,0.1724137931034483,0.25,0.5,0.5555555555555556,0.7105263157894737,0.15789473684210525,0.3333333333333333,0.6
79,SC1078,2003,Freedom of speech,Sharma Associates,2015-03-20,Judicial Power,Per Curiam,Conservative,5,4,Mrs. Victoria Baker MD,Pending,13.0,12.0,8.0,West Bengal,Howrah,sc1078,freedom of speech,sharma associates,judicial power,per curiam,conservative,mrs. victoria baker md,pending,west bengal,howrah,2015.0,3.0,20.0,False,False,False,False,False,False,False,False,False,False,0.39195979899497485,0.27586206896551724,0.0,1.0,0.6666666666666666,0.2894736842105263,0.42105263157894735,0.3333333333333333,0.6333333333333333
80,SC1079,2006,Contract law,Rao and Sons,2015-03-21,Civil Rights,Unanimous,Conservative,7,2,Mr. John Stevens,Disposed,5.0,12.0,16.0,Tamil Nadu,Salem,sc1079,contract law,rao and sons,civil rights,unanimous,conservative,mr. john stevens,disposed,tamil nadu,salem,2015.0,3.0,21.0,False,False,False,False,False,False,False,False,False,False,0.3969849246231156,0.3793103448275862,0.5,0.5,0.2222222222222222,0.2894736842105263,0.8421052631578947,0.3333333333333333,0.6666666666666666
81,SC1080,2009,Freedom of speech,Sharma Associates,2015-03-22,Economic Activity,Per Curiam,Liberal,9,2,Mr. John Stevens,Adjourned,6.0,25.0,2.0,Uttar Pradesh,Allahabad,sc1080,freedom of speech,sharma associates,economic activity,per curiam,liberal,mr. john stevens,adjourned,uttar pradesh,allahabad,2015.0,3.0,22.0,False,False,False,False,False,False,False,False,False,False,0.4020100502512563,0.4827586206896552,1.0,0.5,0.2777777777777778,0.631578947368421,0.10526315789473684,0.3333333333333333,0.7
82,SC1081,1996,Contract law,Smith & Co,2015-03-23,Environmental Law,Per Curiam,Conservative,7,1,Mr. John Stevens,Adjourned,14.0,15.0,8.0,Uttar Pradesh,Agra,sc1081,contract law,smith & co,environmental law,per curiam,conservative,mr. john stevens,adjourned,uttar pradesh,agra,2015.0,3.0,23.0,False,False,False,False,False,False,False,False,False,False,0.40703517587939697,0.034482758620689655,0.5,0.25,0.7222222222222222,0.3684210526315789,0.42105263157894735,0.3333333333333333,0.7333333333333333
83,SC1082,2004,Freedom of speech,White Group,2015-03-24,Economic Activity,Per Curiam,Liberal,6,3,Mrs. Victoria Baker MD,Adjourned,12.0,39.0,14.0,Maharashtra,Aurangabad,sc1082,freedom of speech,white group,economic activity,per curiam,liberal,mrs. victoria baker md,adjourned,maharashtra,aurangabad,2015.0,3.0,24.0,False,False,False,False,False,False,False,False,False,False,0.4120603015075377,0.3103448275862069,0.25,0.75,0.6111111111111112,1.0,0.7368421052631579,0.3333333333333333,0.7666666666666667
84,SC1083,2016,Environmental law,Smith & Co,2015-03-25,Judicial Power,Per Curiam,Liberal,7,4,Dr. Lisa Morgan,Disposed,4.0,3.0,4.0,Tamil Nadu,Coimbatore,sc1083,environmental law,smith & co,judicial power,per curiam,liberal,dr. lisa morgan,disposed,tamil nadu,coimbatore,2015.0,3.0,25.0,False,False,False,False,False,False,False,False,False,False,0.41708542713567837,0.7241379310344828,0.5,1.0,0.16666666666666666,0.05263157894736842,0.21052631578947367,0.3333333333333333,0.8
85,SC1084,2023,Environmental law,"Torres, Harris and Baker",2015-03-26,Judicial Power,Per Curiam,Conservative,5,4,Dr. Lisa Morgan,Disposed,6.0,5.0,12.0,Bihar,Bhagalpur,sc1084,environmental law,"torres, harris and baker",judicial power,per curiam,conservative,dr. lisa morgan,disposed,bihar,bhagalpur,2015.0,3.0,26.0,False,False,False,False,False,False,False,False,False,False,0.4221105527638191,0.9655172413793104,0.0,1.0,0.2777777777777778,0.10526315789473684,0.631578947368421,0.3333333333333333,0.8333333333333334
86,SC1085,2003,Case about tax,Rao and Sons,2015-03-27,Criminal Law,Majority,Conservative,9,0,Mr. John Stevens,Disposed,10.0,18.0,16.0,West Bengal,Siliguri,sc1085,case about tax,rao and sons,criminal law,majority,conservative,mr. john stevens,disposed,west bengal,siliguri,2015.0,3.0,27.0,False,False,False,False,False,False,False,False,False,False,0.4271356783919598,0.27586206896551724,1.0,0.0,0.5,0.4473684210526316,0.8421052631578947,0.3333333333333333,0.8666666666666667
87,SC1086,2017,Case about tax,White Group,2015-03-28,Economic Activity,Per Curiam,Liberal,9,1,Mr. Anthony Brown,Disposed,18.0,18.0,19.0,Kerala,Kozhikode,sc1086,case about tax,white group,economic activity,per curiam,liberal,mr. anthony brown,disposed,kerala,kozhikode,2015.0,3.0,28.0,False,False,False,False,False,False,False,False,False,False,0.4321608040201005,0.7586206896551724,1.0,0.25,0.9444444444444444,0.4473684210526316,1.0,0.3333333333333333,0.9
88,SC1087,2004,Property dispute,Gupta Group,2015-03-29,Environmental Law,Per Curiam,Liberal,7,3,Mr. John Stevens,Disposed,15.0,32.0,14.0,Tamil Nadu,Trichy,sc1087,property dispute,gupta group,environmental law,per curiam,liberal,mr. john stevens,disposed,tamil nadu,trichy,2015.0,3.0,29.0,False,False,False,False,False,False,False,False,False,False,0.4371859296482412,0.3103448275862069,0.5,0.75,0.7777777777777778,0.8157894736842105,0.7368421052631579,0.3333333333333333,0.9333333333333333
89,SC1088,2015,Case about tax,"Jones, Brown and Parker",2015-03-30,Judicial Power,Unanimous,Liberal,9,0,Dr. Lisa Morgan,Adjourned,8.0,15.0,7.0,Bihar,Patna,sc1088,case about tax,"jones, brown and parker",judicial power,unanimous,liberal,dr. lisa morgan,adjourned,bihar,patna,2015.0,3.0,30.0,False,False,False,False,False,False,False,False,False,False,0.44221105527638194,0.6896551724137931,1.0,0.0,0.3888888888888889,0.3684210526315789,0.3684210526315789,0.3333333333333333,0.9666666666666667
90,SC1089,2021,Freedom of speech,Smith & Co,2015-03-31,Judicial Power,Per Curiam,Conservative,6,0,Mr. John Stevens,Pending,9.0,29.0,2.0,West Bengal,Asansol,sc1089,freedom of speech,smith & co,judicial power,per curiam,conservative,mr. john stevens,pending,west bengal,asansol,2015.0,3.0,31.0,False,False,False,False,False,False,False,False,False,False,0.4472361809045226,0.896551724137931,0.25,0.0,0.4444444444444444,0.7368421052631579,0.10526315789473684,0.3333333333333333,1.0
91,SC1090,1999,Judicial review,"Torres, Harris and Baker",,Criminal Law,Plurality,Conservative,5,4,Mr. John Stevens,Adjourned,5.0,23.0,10.0,Maharashtra,Nagpur,sc1090,judicial review,"torres, harris and baker",criminal law,plurality,conservative,mr. john stevens,adjourned,maharashtra,nagpur,,,,False,False,False,False,False,False,False,False,False,False,0.45226130653266333,0.13793103448275862,0.0,1.0,0.2222222222222222,0.5789473684210527,0.5263157894736842,,
92,SC1091,2022,Freedom of speech,Smith & Co,2015-04-02,Economic Activity,Unanimous,Liberal,9,0,Mr. John Stevens,Pending,10.0,8.0,11.0,Gujarat,Bhavnagar,sc1091,freedom of speech,smith & co,economic activity,unanimous,liberal,mr. john stevens,pending,gujarat,bhavnagar,2015.0,4.0,2.0,False,False,False,False,False,False,False,False,False,False,0.457286432160804,0.9310344827586207,1.0,0.0,0.5,0.18421052631578946,0.5789473684210527,0.5,0.03333333333333333
93,SC1092,2010,Case about tax,Sharma Associates,2015-04-03,Judicial Power,Majority,Liberal,7,1,Christopher Rivera,Disposed,6.0,35.0,3.0,Maharashtra,Aurangabad,sc1092,case about tax,sharma associates,judicial power,majority,liberal,christopher rivera,disposed,maharashtra,aurangabad,2015.0,4.0,3.0,False,False,False,False,False,False,False,False,False,False,0.4623115577889447,0.5172413793103449,0.5,0.25,0.2777777777777778,0.8947368421052632,0.15789473684210525,0.5,0.06666666666666667
94,SC1093,2009,Case about tax,Rao and Sons,2015-04-04,Economic Activity,Per Curiam,Liberal,6,3,Mr. Anthony Brown,Pending,16.0,29.0,13.0,Madhya Pradesh,Jabalpur,sc1093,case about tax,rao and sons,economic activity,per curiam,liberal,mr. anthony brown,pending,madhya pradesh,jabalpur,2015.0,4.0,4.0,False,False,False,False,False,False,False,False,False,False,0.46733668341708545,0.4827586206896552,0.25,0.75,0.8333333333333334,0.7368421052631579,0.6842105263157895,0.5,0.1
95,SC1094,2022,Environmental law,Rao and Sons,2015-04-05,Environmental Law,Majority,Liberal,9,4,Dr. Lisa Morgan,Adjourned,,28.0,7.0,Kerala,Kochi,sc1094,environmental law,rao and sons,environmental law,majority,liberal,dr. lisa morgan,adjourned,kerala,kochi,2015.0,4.0,5.0,False,False,False,False,False,False,False,False,False,False,0.4723618090452261,0.9310344827586207,1.0,1.0,,0.7105263157894737,0.3684210526315789,0.5,0.13333333333333333
96,SC1095,2022,Freedom of speech,White Group,2015-04-06,Environmental Law,Majority,Liberal,7,4,Mrs. Tammy Alexander MD,Adjourned,10.0,12.0,13.0,Rajasthan,Jodhpur,sc1095,freedom of speech,white group,environmental law,majority,liberal,mrs. tammy alexander md,adjourned,rajasthan,jodhpur,2015.0,4.0,6.0,False,False,False,False,False,False,False,False,False,False,0.47738693467336685,0.9310344827586207,0.5,1.0,0.5,0.2894736842105263,0.6842105263157895,0.5,0.16666666666666666
97,SC1096,2009,Labor dispute,"Patel, Kumar and Singh",2015-04-07,Civil Rights,Majority,Conservative,8,1,Dr. Lisa Morgan,Pending,11.0,19.0,16.0,Karnataka,Bengaluru,sc1096,labor dispute,"patel, kumar and singh",civil rights,majority,conservative,dr. lisa morgan,pending,karnataka,bengaluru,2015.0,4.0,7.0,False,False,False,False,False,False,False,False,False,False,0.4824120603015075,0.4827586206896552,0.75,0.25,0.5555555555555556,0.47368421052631576,0.8421052631578947,0.5,0.2
98,SC1097,2008,Judicial review,Gupta Group,2015-04-08,Economic Activity,Per Curiam,Conservative,6,0,Mr. John Stevens,Disposed,11.0,18.0,18.0,Karnataka,Hubli,sc1097,judicial review,gupta group,economic activity,per curiam,conservative,mr. john stevens,disposed,karnataka,hubli,2015.0,4.0,8.0,False,False,False,False,False,False,False,False,False,False,0.48743718592964824,0.4482758620689655,0.25,0.0,0.5555555555555556,0.4473684210526316,0.9473684210526315,0.5,0.23333333333333334
99,SC1098,2010,Property dispute,Smith & Co,2015-04-09,Civil Rights,Per Curiam,Liberal,6,1,Dr. Lisa Morgan,Disposed,17.0,8.0,2.0,Tamil Nadu,Madurai,sc1098,property dispute,smith & co,civil rights,per curiam,liberal,dr. lisa morgan,disposed,tamil nadu,madurai,2015.0,4.0,9.0,False,False,False,False,False,False,False,False,False,False,0.49246231155778897,0.5172413793103449,0.25,0.25,0.8888888888888888,0.18421052631578946,0.10526315789473684,0.5,0.26666666666666666
100,SC1099,2019,Contract law,"Jones, Brown and Parker",2015-04-10,Economic Activity,Majority,Liberal,9,4,Mr. Anthony Brown,Adjourned,4.0,,8.0,Kerala,Kochi,sc1099,contract law,"jones, brown and parker",economic activity,majority,liberal,mr. anthony brown,adjourned,kerala,kochi,2015.0,4.0,10.0,False,False,False,False,False,False,False,False,False,False,0.49748743718592964,0.8275862068965517,1.0,1.0,0.16666666666666666,,0.42105263157894735,0.5,0.3
101,SC1100,2002,Labor dispute,White Group,2015-04-11,Criminal Law,Majority,Conservative,9,0,Mrs. Tammy Alexander MD,Pending,4.0,7.0,7.0,Kerala,Thrissur,sc1100,labor dispute,white group,criminal law,majority,conservative,mrs. tammy alexander md,pending,kerala,thrissur,2015.0,4.0,11.0,False,False,False,False,False,False,False,False,False,False,0.5025125628140703,0.2413793103448276,1.0,0.0,0.16666666666666666,0.15789473684210525,0.3684210526315789,0.5,0.3333333333333333
102,SC1101,2001,Judicial review,"Patel, Kumar and Singh",2015-04-12,Environmental Law,Plurality,Liberal,7,3,Mrs. Victoria Baker MD,Disposed,17.0,39.0,4.0,Rajasthan,Ajmer,sc1101,judicial review,"patel, kumar and singh",environmental law,plurality,liberal,mrs. victoria baker md,disposed,rajasthan,ajmer,2015.0,4.0,12.0,False,False,False,False,False,False,False,False,False,False,0.507537688442211,0.20689655172413793,0.5,0.75,0.8888888888888888,1.0,0.21052631578947367,0.5,0.36666666666666664
103,SC1102,2023,Freedom of speech,Sharma Associates,2015-04-13,Criminal Law,Majority,Conservative,5,1,Christopher Rivera,Disposed,9.0,39.0,4.0,Uttar Pradesh,Allahabad,sc1102,freedom of speech,sharma associates,criminal law,majority,conservative,christopher rivera,disposed,uttar pradesh,allahabad,2015.0,4.0,13.0,False,False,False,False,False,False,False,False,False,False,0.5125628140703518,0.9655172413793104,0.0,0.25,0.4444444444444444,1.0,0.21052631578947367,0.5,0.4
104,SC1103,2009,Contract law,"Patel, Kumar and Singh",2015-04-14,Judicial Power,Unanimous,Liberal,6,0,Mr. Anthony Brown,Adjourned,19.0,25.0,6.0,Gujarat,Vadodara,sc1103,contract law,"patel, kumar and singh",judicial power,unanimous,liberal,mr. anthony brown,adjourned,gujarat,vadodara,2015.0,4.0,14.0,False,False,False,False,False,False,False,False,False,False,0.5175879396984925,0.4827586206896552,0.25,0.0,1.0,0.631578947368421,0.3157894736842105,0.5,0.43333333333333335
105,SC1104,2016,Environmental law,Smith & Co,2015-04-15,Civil Rights,Plurality,Liberal,9,2,Mr. John Stevens,Disposed,5.0,39.0,18.0,Bihar,Darbhanga,sc1104,environmental law,smith & co,civil rights,plurality,liberal,mr. john stevens,disposed,bihar,darbhanga,2015.0,4.0,15.0,False,False,False,False,False,False,False,False,False,False,0.5226130653266332,0.7241379310344828,1.0,0.5,0.2222222222222222,1.0,0.9473684210526315,0.5,0.4666666666666667
106,SC1105,2011,Case about tax,"Torres, Harris and Baker",2015-04-16,Economic Activity,Unanimous,Conservative,8,2,Mrs. Tammy Alexander MD,Pending,6.0,27.0,17.0,Maharashtra,Mumbai,sc1105,case about tax,"torres, harris and baker",economic activity,unanimous,conservative,mrs. tammy alexander md,pending,maharashtra,mumbai,2015.0,4.0,16.0,False,False,False,False,False,False,False,False,False,False,0.5276381909547738,0.5517241379310345,0.75,0.5,0.2777777777777778,0.6842105263157895,0.8947368421052632,0.5,0.5
107,SC1106,2008,Property dispute,"Torres, Harris and Baker",2015-04-17,Environmental Law,Plurality,Conservative,5,2,Mr. Anthony Brown,Adjourned,3.0,3.0,2.0,Gujarat,Bhavnagar,sc1106,property dispute,"torres, harris and baker",environmental law,plurality,conservative,mr. anthony brown,adjourned,gujarat,bhavnagar,2015.0,4.0,17.0,False,False,False,False,False,False,False,False,False,False,0.5326633165829145,0.4482758620689655,0.0,0.5,0.1111111111111111,0.05263157894736842,0.10526315789473684,0.5,0.5333333333333333
108,SC1107,1999,Judicial review,Gupta Group,2015-04-18,Environmental Law,Majority,Liberal,9,4,Dr. Lisa Morgan,Adjourned,1.0,4.0,5.0,Karnataka,Belgaum,sc1107,judicial review,gupta group,environmental law,majority,liberal,dr. lisa morgan,adjourned,karnataka,belgaum,2015.0,4.0,18.0,False,False,False,False,False,False,False,False,False,False,0.5376884422110553,0.13793103448275862,1.0,1.0,0.0,0.07894736842105263,0.2631578947368421,0.5,0.5666666666666667
109,SC1108,2006,Case about tax,"Torres, Harris and Baker",2015-04-19,Civil Rights,Per Curiam,Conservative,7,1,Christopher Rivera,Pending,16.0,35.0,3.0,Bihar,Gaya,sc1108,case about tax,"torres, harris and baker",civil rights,per curiam,conservative,christopher rivera,pending,bihar,gaya,2015.0,4.0,19.0,False,False,False,False,False,False,False,False,False,False,0.542713567839196,0.3793103448275862,0.5,0.25,0.8333333333333334,0.8947368421052632,0.15789473684210525,0.5,0.6
110,SC1109,2004,Freedom of speech,White Group,2015-04-20,Civil Rights,Unanimous,Liberal,9,0,Dr. Lisa Morgan,Adjourned,11.0,3.0,7.0,Gujarat,Surat,sc1109,freedom of speech,white group,civil rights,unanimous,liberal,dr. lisa morgan,adjourned,gujarat,surat,2015.0,4.0,20.0,False,False,False,False,False,False,False,False,False,False,0.5477386934673367,0.3103448275862069,1.0,0.0,0.5555555555555556,0.05263157894736842,0.3684210526315789,0.5,0.6333333333333333
111,SC1110,2007,Case about tax,"Patel, Kumar and Singh",2015-04-21,Civil Rights,Majority,Liberal,8,1,Christopher Rivera,Disposed,13.0,33.0,2.0,Kerala,Kozhikode,sc1110,case about tax,"patel, kumar and singh",civil rights,majority,liberal,christopher rivera,disposed,kerala,kozhikode,2015.0,4.0,21.0,False,False,False,False,False,False,False,False,False,False,0.5527638190954773,0.41379310344827586,0.75,0.25,0.6666666666666666,0.8421052631578947,0.10526315789473684,0.5,0.6666666666666666
112,SC1111,2007,Judicial review,Sharma Associates,2015-04-22,Environmental Law,Majority,Conservative,9,4,Mr. John Stevens,Disposed,10.0,32.0,,Uttar Pradesh,Lucknow,sc1111,judicial review,sharma associates,environmental law,majority,conservative,mr. john stevens,disposed,uttar pradesh,lucknow,2015.0,4.0,22.0,False,False,False,False,False,False,False,False,False,False,0.5577889447236181,0.41379310344827586,1.0,1.0,0.5,0.8157894736842105,,0.5,0.7
113,SC1112,2019,Contract law,Sharma Associates,2015-04-23,Criminal Law,Plurality,Conservative,8,4,Mrs. Tammy Alexander MD,Pending,3.0,,4.0,Bihar,Bhagalpur,sc1112,contract law,sharma associates,criminal law,plurality,conservative,mrs. tammy alexander md,pending,bihar,bhagalpur,2015.0,4.0,23.0,False,False,False,False,False,False,False,False,False,False,0.5628140703517588,0.8275862068965517,0.75,1.0,0.1111111111111111,,0.21052631578947367,0.5,0.7333333333333333
114,SC1113,2020,Case about tax,Gupta Group,2015-04-24,Economic Activity,Per Curiam,Liberal,5,0,Dr. Lisa Morgan,Disposed,9.0,,15.0,Gujarat,Bhavnagar,sc1113,case about tax,gupta group,economic activity,per curiam,liberal,dr. lisa morgan,disposed,gujarat,bhavnagar,2015.0,4.0,24.0,False,False,False,False,False,False,False,False,False,False,0.5678391959798995,0.8620689655172413,0.0,0.0,0.4444444444444444,,0.7894736842105263,0.5,0.7666666666666667
115,SC1114,2014,Freedom of speech,Sharma Associates,2015-04-25,Criminal Law,Per Curiam,Conservative,8,3,Mr. Anthony Brown,Pending,12.0,2.0,4.0,Madhya Pradesh,Indore,sc1114,freedom of speech,sharma associates,criminal law,per curiam,conservative,mr. anthony brown,pending,madhya pradesh,indore,2015.0,4.0,25.0,False,False,False,False,False,False,False,False,False,False,0.5728643216080402,0.6551724137931034,0.75,0.75,0.6111111111111112,0.02631578947368421,0.21052631578947367,0.5,0.8
116,SC1115,2017,Freedom of speech,White Group,2015-04-26,Judicial Power,Majority,Liberal,8,1,Mrs. Tammy Alexander MD,Pending,,10.0,8.0,Tamil Nadu,Trichy,sc1115,freedom of speech,white group,judicial power,majority,liberal,mrs. tammy alexander md,pending,tamil nadu,trichy,2015.0,4.0,26.0,False,False,False,False,False,False,False,False,False,False,0.5778894472361809,0.7586206896551724,0.75,0.25,,0.23684210526315788,0.42105263157894735,0.5,0.8333333333333334
117,SC1116,2019,Labor dispute,"Torres, Harris and Baker",2015-04-27,Judicial Power,Majority,Liberal,6,4,Christopher Rivera,Disposed,1.0,12.0,12.0,Uttar Pradesh,Varanasi,sc1116,labor dispute,"torres, harris and baker",judicial power,majority,liberal,christopher rivera,disposed,uttar pradesh,varanasi,2015.0,4.0,27.0,False,False,False,False,False,False,False,False,False,False,0.5829145728643216,0.8275862068965517,0.25,1.0,0.0,0.2894736842105263,0.631578947368421,0.5,0.8666666666666667
118,SC1117,2014,Labor dispute,Smith & Co,2015-04-28,Criminal Law,Plurality,Liberal,5,3,Mrs. Victoria Baker MD,Pending,18.0,11.0,9.0,Bihar,Bhagalpur,sc1117,labor dispute,smith & co,criminal law,plurality,liberal,mrs. victoria baker md,pending,bihar,bhagalpur,2015.0,4.0,28.0,False,False,False,False,False,False,False,False,False,False,0.5879396984924623,0.6551724137931034,0.0,0.75,0.9444444444444444,0.2631578947368421,0.47368421052631576,0.5,0.9
119,SC1118,1995,Property dispute,Rao and Sons,2015-04-29,Economic Activity,Majority,Liberal,8,1,Mr. John Stevens,Disposed,17.0,24.0,9.0,West Bengal,Durgapur,sc1118,property dispute,rao and sons,economic activity,majority,liberal,mr. john stevens,disposed,west bengal,durgapur,2015.0,4.0,29.0,False,False,False,False,False,False,False,False,False,False,0.592964824120603,0.0,0.75,0.25,0.8888888888888888,0.6052631578947368,0.47368421052631576,0.5,0.9333333333333333
120,SC1119,2015,Contract law,"Torres, Harris and Baker",2015-04-30,Judicial Power,Majority,Conservative,9,3,Dr. Lisa Morgan,Adjourned,9.0,37.0,18.0,Uttar Pradesh,Agra,sc1119,contract law,"torres, harris and baker",judicial power,majority,conservative,dr. lisa morgan,adjourned,uttar pradesh,agra,2015.0,4.0,30.0,False,False,False,False,False,False,False,False,False,False,0.5979899497487438,0.6896551724137931,1.0,0.75,0.4444444444444444,0.9473684210526315,0.9473684210526315,0.5,0.9666666666666667
121,SC1120,2017,Contract law,Gupta Group,,Judicial Power,Unanimous,Conservative,9,1,Dr. Lisa Morgan,Adjourned,9.0,27.0,10.0,Gujarat,Vadodara,sc1120,contract law,gupta group,judicial power,unanimous,conservative,dr. lisa morgan,adjourned,gujarat,vadodara,,,,False,False,False,False,False,False,False,False,False,False,0.6030150753768844,0.7586206896551724,1.0,0.25,0.4444444444444444,0.6842105263157895,0.5263157894736842,,
122,SC1121,2013,Contract law,Gupta Group,2015-05-02,Environmental Law,Plurality,Liberal,6,3,Mrs. Tammy Alexander MD,,10.0,25.0,18.0,Tamil Nadu,Chennai,sc1121,contract law,gupta group,environmental law,plurality,liberal,mrs. tammy alexander md,nan,tamil nadu,chennai,2015.0,5.0,2.0,False,False,False,False,False,False,False,False,False,False,0.6080402010050251,0.6206896551724138,0.25,0.75,0.5,0.631578947368421,0.9473684210526315,0.6666666666666666,0.03333333333333333
123,SC1122,2004,Case about tax,Gupta Group,2015-05-03,Judicial Power,Plurality,Liberal,9,1,Dr. Lisa Morgan,Disposed,19.0,,4.0,Karnataka,Belgaum,sc1122,case about tax,gupta group,judicial power,plurality,liberal,dr. lisa morgan,disposed,karnataka,belgaum,2015.0,5.0,3.0,False,False,False,False,False,False,False,False,False,False,0.6130653266331658,0.3103448275862069,1.0,0.25,1.0,,0.21052631578947367,0.6666666666666666,0.06666666666666667
124,SC1123,2004,Criminal appeal,Gupta Group,2015-05-04,Civil Rights,Majority,Conservative,9,0,Mr. John Stevens,Disposed,15.0,5.0,5.0,Rajasthan,Jaipur,sc1123,criminal appeal,gupta group,civil rights,majority,conservative,mr. john stevens,disposed,rajasthan,jaipur,2015.0,5.0,4.0,False,False,False,False,False,False,False,False,False,False,0.6180904522613065,0.3103448275862069,1.0,0.0,0.7777777777777778,0.10526315789473684,0.2631578947368421,0.6666666666666666,0.1
125,SC1124,2018,Criminal appeal,"Patel, Kumar and Singh",2015-05-05,Environmental Law,Per Curiam,Liberal,9,3,Dr. Lisa Morgan,Adjourned,5.0,38.0,9.0,Karnataka,Hubli,sc1124,criminal appeal,"patel, kumar and singh",environmental law,per curiam,liberal,dr. lisa morgan,adjourned,karnataka,hubli,2015.0,5.0,5.0,False,False,False,False,False,False,False,False,False,False,0.6231155778894473,0.7931034482758621,1.0,0.75,0.2222222222222222,0.9736842105263158,0.47368421052631576,0.6666666666666666,0.13333333333333333
126,SC1125,2002,Judicial review,Smith & Co,2015-05-06,Environmental Law,Majority,Liberal,5,4,Dr. Lisa Morgan,Adjourned,,36.0,,Uttar Pradesh,Kanpur,sc1125,judicial review,smith & co,environmental law,majority,liberal,dr. lisa morgan,adjourned,uttar pradesh,kanpur,2015.0,5.0,6.0,False,False,False,False,False,False,False,False,False,False,0.628140703517588,0.2413793103448276,0.0,1.0,,0.9210526315789473,,0.6666666666666666,0.16666666666666666
127,SC1126,1997,Freedom of speech,Gupta Group,2015-05-07,Judicial Power,Majority,Conservative,8,0,Mrs. Tammy Alexander MD,Disposed,2.0,19.0,4.0,West Bengal,Asansol,sc1126,freedom of speech,gupta group,judicial power,majority,conservative,mrs. tammy alexander md,disposed,west bengal,asansol,2015.0,5.0,7.0,False,False,False,False,False,False,False,False,False,False,0.6331658291457286,0.06896551724137931,0.75,0.0,0.05555555555555555,0.47368421052631576,0.21052631578947367,0.6666666666666666,0.2
128,SC1127,2023,Criminal appeal,"Torres, Harris and Baker",2015-05-08,Civil Rights,Plurality,Liberal,8,1,Mr. John Stevens,Pending,13.0,31.0,4.0,Karnataka,Belgaum,sc1127,criminal appeal,"torres, harris and baker",civil rights,plurality,liberal,mr. john stevens,pending,karnataka,belgaum,2015.0,5.0,8.0,False,False,False,False,False,False,False,False,False,False,0.6381909547738693,0.9655172413793104,0.75,0.25,0.6666666666666666,0.7894736842105263,0.21052631578947367,0.6666666666666666,0.23333333333333334
129,SC1128,1995,Environmental law,Sharma Associates,2015-05-09,Judicial Power,Majority,Liberal,6,1,Mrs. Victoria Baker MD,Adjourned,16.0,8.0,13.0,West Bengal,Durgapur,sc1128,environmental law,sharma associates,judicial power,majority,liberal,mrs. victoria baker md,adjourned,west bengal,durgapur,2015.0,5.0,9.0,False,False,False,False,False,False,False,False,False,False,0.6432160804020101,0.0,0.25,0.25,0.8333333333333334,0.18421052631578946,0.6842105263157895,0.6666666666666666,0.26666666666666666
130,SC1129,2017,Freedom of speech,Smith & Co,2015-05-10,Judicial Power,Majority,Conservative,9,0,Mrs. Tammy Alexander MD,Pending,,9.0,16.0,Uttar Pradesh,Allahabad,sc1129,freedom of speech,smith & co,judicial power,majority,conservative,mrs. tammy alexander md,pending,uttar pradesh,allahabad,2015.0,5.0,10.0,False,False,False,False,False,False,False,False,False,False,0.6482412060301508,0.7586206896551724,1.0,0.0,,0.21052631578947367,0.8421052631578947,0.6666666666666666,0.3
131,SC1130,2005,Case about tax,"Torres, Harris and Baker",2015-05-11,Criminal Law,Unanimous,Conservative,5,0,Mr. Anthony Brown,Pending,10.0,13.0,4.0,Karnataka,Mangalore,sc1130,case about tax,"torres, harris and baker",criminal law,unanimous,conservative,mr. anthony brown,pending,karnataka,mangalore,2015.0,5.0,11.0,False,False,False,False,False,False,False,False,False,False,0.6532663316582915,0.3448275862068966,0.0,0.0,0.5,0.3157894736842105,0.21052631578947367,0.6666666666666666,0.3333333333333333
132,SC1131,1995,Freedom of speech,Rao and Sons,2015-05-12,Criminal Law,Majority,Conservative,9,2,Christopher Rivera,Adjourned,14.0,24.0,13.0,Karnataka,Bengaluru,sc1131,freedom of speech,rao and sons,criminal law,majority,conservative,christopher rivera,adjourned,karnataka,bengaluru,2015.0,5.0,12.0,False,False,False,False,False,False,False,False,False,False,0.6582914572864321,0.0,1.0,0.5,0.7222222222222222,0.6052631578947368,0.6842105263157895,0.6666666666666666,0.36666666666666664
133,SC1132,2006,Contract law,Rao and Sons,2015-05-13,Environmental Law,Per Curiam,Liberal,8,4,Mrs. Victoria Baker MD,Pending,10.0,29.0,19.0,Maharashtra,Nashik,sc1132,contract law,rao and sons,environmental law,per curiam,liberal,mrs. victoria baker md,pending,maharashtra,nashik,2015.0,5.0,13.0,False,False,False,False,False,False,False,False,False,False,0.6633165829145728,0.3793103448275862,0.75,1.0,0.5,0.7368421052631579,1.0,0.6666666666666666,0.4
134,SC1133,2021,Freedom of speech,Sharma Associates,2015-05-14,Economic Activity,Per Curiam,Conservative,6,1,Mr. John Stevens,Pending,14.0,28.0,8.0,Gujarat,Rajkot,sc1133,freedom of speech,sharma associates,economic activity,per curiam,conservative,mr. john stevens,pending,gujarat,rajkot,2015.0,5.0,14.0,False,False,False,False,False,False,False,False,False,False,0.6683417085427136,0.896551724137931,0.25,0.25,0.7222222222222222,0.7105263157894737,0.42105263157894735,0.6666666666666666,0.43333333333333335
135,SC1134,2019,Case about tax,Smith & Co,2015-05-15,Economic Activity,Unanimous,Liberal,9,0,Mrs. Tammy Alexander MD,Disposed,9.0,32.0,5.0,West Bengal,Kolkata,sc1134,case about tax,smith & co,economic activity,unanimous,liberal,mrs. tammy alexander md,disposed,west bengal,kolkata,2015.0,5.0,15.0,False,False,False,False,False,False,False,False,False,False,0.6733668341708543,0.8275862068965517,1.0,0.0,0.4444444444444444,0.8157894736842105,0.2631578947368421,0.6666666666666666,0.4666666666666667
136,SC1135,1997,Judicial review,Gupta Group,2015-05-16,Criminal Law,Unanimous,Liberal,7,2,Dr. Lisa Morgan,Pending,14.0,17.0,16.0,Kerala,Kollam,sc1135,judicial review,gupta group,criminal law,unanimous,liberal,dr. lisa morgan,pending,kerala,kollam,2015.0,5.0,16.0,False,False,False,False,False,False,False,False,False,False,0.678391959798995,0.06896551724137931,0.5,0.5,0.7222222222222222,0.42105263157894735,0.8421052631578947,0.6666666666666666,0.5
137,SC1136,2004,Property dispute,"Torres, Harris and Baker",2015-05-17,Judicial Power,Plurality,Liberal,9,3,Mrs. Tammy Alexander MD,Disposed,3.0,4.0,11.0,Gujarat,Rajkot,sc1136,property dispute,"torres, harris and baker",judicial power,plurality,liberal,mrs. tammy alexander md,disposed,gujarat,rajkot,2015.0,5.0,17.0,False,False,False,False,False,False,False,False,False,False,0.6834170854271356,0.3103448275862069,1.0,0.75,0.1111111111111111,0.07894736842105263,0.5789473684210527,0.6666666666666666,0.5333333333333333
138,SC1137,2006,Criminal appeal,"Patel, Kumar and Singh",2015-05-18,Environmental Law,Plurality,Liberal,5,1,Mrs. Victoria Baker MD,Adjourned,,26.0,2.0,Gujarat,Rajkot,sc1137,criminal appeal,"patel, kumar and singh",environmental law,plurality,liberal,mrs. victoria baker md,adjourned,gujarat,rajkot,2015.0,5.0,18.0,False,False,False,False,False,False,False,False,False,False,0.6884422110552764,0.3793103448275862,0.0,0.25,,0.6578947368421053,0.10526315789473684,0.6666666666666666,0.5666666666666667
139,SC1138,2024,Criminal appeal,Smith & Co,2015-05-19,Environmental Law,Unanimous,Liberal,5,3,Mr. John Stevens,,2.0,27.0,4.0,Gujarat,Bhavnagar,sc1138,criminal appeal,smith & co,environmental law,unanimous,liberal,mr. john stevens,nan,gujarat,bhavnagar,2015.0,5.0,19.0,False,False,False,False,False,False,False,False,False,False,0.6934673366834171,1.0,0.0,0.75,0.05555555555555555,0.6842105263157895,0.21052631578947367,0.6666666666666666,0.6
140,SC1139,2004,Environmental law,Sharma Associates,2015-05-20,Judicial Power,Per Curiam,Liberal,5,1,Mr. John Stevens,Disposed,10.0,24.0,15.0,Kerala,Thiruvananthapuram,sc1139,environmental law,sharma associates,judicial power,per curiam,liberal,mr. john stevens,disposed,kerala,thiruvananthapuram,2015.0,5.0,20.0,False,False,False,False,False,False,False,False,False,False,0.6984924623115578,0.3103448275862069,0.0,0.25,0.5,0.6052631578947368,0.7894736842105263,0.6666666666666666,0.6333333333333333
141,SC1140,2017,Judicial review,Gupta Group,2015-05-21,Economic Activity,Unanimous,Liberal,6,0,Dr. Lisa Morgan,Adjourned,3.0,28.0,2.0,Maharashtra,Nagpur,sc1140,judicial review,gupta group,economic activity,unanimous,liberal,dr. lisa morgan,adjourned,maharashtra,nagpur,2015.0,5.0,21.0,False,False,False,False,False,False,False,False,False,False,0.7035175879396985,0.7586206896551724,0.25,0.0,0.1111111111111111,0.7105263157894737,0.10526315789473684,0.6666666666666666,0.6666666666666666
142,SC1141,2023,Case about tax,"Jones, Brown and Parker",2015-05-22,Criminal Law,Unanimous,Liberal,9,2,Dr. Lisa Morgan,Pending,11.0,14.0,16.0,Gujarat,Rajkot,sc1141,case about tax,"jones, brown and parker",criminal law,unanimous,liberal,dr. lisa morgan,pending,gujarat,rajkot,2015.0,5.0,22.0,False,False,False,False,False,False,False,False,False,False,0.7085427135678392,0.9655172413793104,1.0,0.5,0.5555555555555556,0.34210526315789475,0.8421052631578947,0.6666666666666666,0.7
143,SC1142,2013,Judicial review,"Jones, Brown and Parker",2015-05-23,Civil Rights,Per Curiam,Conservative,8,4,Christopher Rivera,Pending,11.0,17.0,17.0,Kerala,Kozhikode,sc1142,judicial review,"jones, brown and parker",civil rights,per curiam,conservative,christopher rivera,pending,kerala,kozhikode,2015.0,5.0,23.0,False,False,False,False,False,False,False,False,False,False,0.7135678391959799,0.6206896551724138,0.75,1.0,0.5555555555555556,0.42105263157894735,0.8947368421052632,0.6666666666666666,0.7333333333333333
144,SC1143,2006,Judicial review,Gupta Group,2015-05-24,Civil Rights,Plurality,Liberal,9,0,Dr. Lisa Morgan,Pending,13.0,16.0,3.0,Madhya Pradesh,Ujjain,sc1143,judicial review,gupta group,civil rights,plurality,liberal,dr. lisa morgan,pending,madhya pradesh,ujjain,2015.0,5.0,24.0,False,False,False,False,False,False,False,False,False,False,0.7185929648241206,0.3793103448275862,1.0,0.0,0.6666666666666666,0.39473684210526316,0.15789473684210525,0.6666666666666666,0.7666666666666667
145,SC1144,2017,Criminal appeal,"Jones, Brown and Parker",2015-05-25,Judicial Power,Plurality,Liberal,9,3,Christopher Rivera,Adjourned,7.0,2.0,0.0,Kerala,Thiruvananthapuram,sc1144,criminal appeal,"jones, brown and parker",judicial power,plurality,liberal,christopher rivera,adjourned,kerala,thiruvananthapuram,2015.0,5.0,25.0,False,False,False,False,False,False,False,False,False,False,0.7236180904522613,0.7586206896551724,1.0,0.75,0.3333333333333333,0.02631578947368421,0.0,0.6666666666666666,0.8
146,SC1145,2003,Freedom of speech,"Patel, Kumar and Singh",2015-05-26,Environmental Law,Majority,Conservative,6,4,Christopher Rivera,,17.0,26.0,8.0,Uttar Pradesh,Kanpur,sc1145,freedom of speech,"patel, kumar and singh",environmental law,majority,conservative,christopher rivera,nan,uttar pradesh,kanpur,2015.0,5.0,26.0,False,False,False,False,False,False,False,False,False,False,0.7286432160804021,0.27586206896551724,0.25,1.0,0.8888888888888888,0.6578947368421053,0.42105263157894735,0.6666666666666666,0.8333333333333334
147,SC1146,1997,Environmental law,Rao and Sons,2015-05-27,Economic Activity,Majority,Liberal,7,1,Dr. Lisa Morgan,Adjourned,2.0,,2.0,Uttar Pradesh,Varanasi,sc1146,environmental law,rao and sons,economic activity,majority,liberal,dr. lisa morgan,adjourned,uttar pradesh,varanasi,2015.0,5.0,27.0,False,False,False,False,False,False,False,False,False,False,0.7336683417085427,0.06896551724137931,0.5,0.25,0.05555555555555555,,0.10526315789473684,0.6666666666666666,0.8666666666666667
148,SC1147,2024,Labor dispute,Sharma Associates,2015-05-28,Environmental Law,Plurality,Conservative,7,3,Mrs. Tammy Alexander MD,Pending,12.0,32.0,11.0,Kerala,Thiruvananthapuram,sc1147,labor dispute,sharma associates,environmental law,plurality,conservative,mrs. tammy alexander md,pending,kerala,thiruvananthapuram,2015.0,5.0,28.0,False,False,False,False,False,False,False,False,False,False,0.7386934673366834,1.0,0.5,0.75,0.6111111111111112,0.8157894736842105,0.5789473684210527,0.6666666666666666,0.9
149,SC1148,2005,Case about tax,Sharma Associates,2015-05-29,Judicial Power,Per Curiam,Conservative,5,4,Christopher Rivera,Disposed,10.0,22.0,11.0,Tamil Nadu,Madurai,sc1148,case about tax,sharma associates,judicial power,per curiam,conservative,christopher rivera,disposed,tamil nadu,madurai,2015.0,5.0,29.0,False,False,False,False,False,False,False,False,False,False,0.7437185929648241,0.3448275862068966,0.0,1.0,0.5,0.5526315789473685,0.5789473684210527,0.6666666666666666,0.9333333333333333
150,SC1149,1997,Environmental law,White Group,2015-05-30,Environmental Law,Unanimous,Liberal,9,0,Mrs. Tammy Alexander MD,Adjourned,18.0,33.0,17.0,Uttar Pradesh,Kanpur,sc1149,environmental law,white group,environmental law,unanimous,liberal,mrs. tammy alexander md,adjourned,uttar pradesh,kanpur,2015.0,5.0,30.0,False,False,False,False,False,False,False,False,False,False,0.7487437185929648,0.06896551724137931,1.0,0.0,0.9444444444444444,0.8421052631578947,0.8947368421052632,0.6666666666666666,0.9666666666666667
151,SC1150,2019,Freedom of speech,Rao and Sons,2015-05-31,Civil Rights,Plurality,Liberal,5,3,Mr. John Stevens,Adjourned,11.0,31.0,15.0,Rajasthan,Ajmer,sc1150,freedom of speech,rao and sons,civil rights,plurality,liberal,mr. john stevens,adjourned,rajasthan,ajmer,2015.0,5.0,31.0,False,False,False,False,False,False,False,False,False,False,0.7537688442211056,0.8275862068965517,0.0,0.75,0.5555555555555556,0.7894736842105263,0.7894736842105263,0.6666666666666666,1.0
152,SC1151,2023,Property dispute,Gupta Group,2015-06-01,Environmental Law,Majority,Conservative,5,2,Mrs. Victoria Baker MD,Pending,16.0,20.0,14.0,Madhya Pradesh,Gwalior,sc1151,property dispute,gupta group,environmental law,majority,conservative,mrs. victoria baker md,pending,madhya pradesh,gwalior,2015.0,6.0,1.0,False,False,False,False,False,False,False,False,False,False,0.7587939698492462,0.9655172413793104,0.0,0.5,0.8333333333333334,0.5,0.7368421052631579,0.8333333333333334,0.0
153,SC1152,2014,Labor dispute,Smith & Co,2015-06-02,Economic Activity,Unanimous,Conservative,5,1,Mrs. Tammy Alexander MD,Adjourned,17.0,32.0,,Maharashtra,Mumbai,sc1152,labor dispute,smith & co,economic activity,unanimous,conservative,mrs. tammy alexander md,adjourned,maharashtra,mumbai,2015.0,6.0,2.0,False,False,False,False,False,False,False,False,False,False,0.7638190954773869,0.6551724137931034,0.0,0.25,0.8888888888888888,0.8157894736842105,,0.8333333333333334,0.03333333333333333
154,SC1153,2009,Property dispute,White Group,2015-06-03,Judicial Power,Plurality,Conservative,6,2,Mr. Anthony Brown,Adjourned,19.0,14.0,8.0,Rajasthan,Kota,sc1153,property dispute,white group,judicial power,plurality,conservative,mr. anthony brown,adjourned,rajasthan,kota,2015.0,6.0,3.0,False,False,False,False,False,False,False,False,False,False,0.7688442211055276,0.4827586206896552,0.25,0.5,1.0,0.34210526315789475,0.42105263157894735,0.8333333333333334,0.06666666666666667
155,SC1154,2012,Criminal appeal,"Jones, Brown and Parker",2015-06-04,Judicial Power,Per Curiam,Conservative,5,2,Christopher Rivera,Disposed,18.0,26.0,15.0,Tamil Nadu,Coimbatore,sc1154,criminal appeal,"jones, brown and parker",judicial power,per curiam,conservative,christopher rivera,disposed,tamil nadu,coimbatore,2015.0,6.0,4.0,False,False,False,False,False,False,False,False,False,False,0.7738693467336684,0.5862068965517241,0.0,0.5,0.9444444444444444,0.6578947368421053,0.7894736842105263,0.8333333333333334,0.1
156,SC1155,2006,Judicial review,"Patel, Kumar and Singh",2015-06-05,Judicial Power,Unanimous,Liberal,8,0,Mrs. Victoria Baker MD,Disposed,3.0,4.0,6.0,Maharashtra,Pune,sc1155,judicial review,"patel, kumar and singh",judicial power,unanimous,liberal,mrs. victoria baker md,disposed,maharashtra,pune,2015.0,6.0,5.0,False,False,False,False,False,False,False,False,False,False,0.7788944723618091,0.3793103448275862,0.75,0.0,0.1111111111111111,0.07894736842105263,0.3157894736842105,0.8333333333333334,0.13333333333333333
157,SC1156,2010,Environmental law,"Torres, Harris and Baker",2015-06-06,Environmental Law,Plurality,Conservative,7,2,Mr. John Stevens,Pending,16.0,30.0,18.0,Maharashtra,Nashik,sc1156,environmental law,"torres, harris and baker",environmental law,plurality,conservative,mr. john stevens,pending,maharashtra,nashik,2015.0,6.0,6.0,False,False,False,False,False,False,False,False,False,False,0.7839195979899497,0.5172413793103449,0.5,0.5,0.8333333333333334,0.7631578947368421,0.9473684210526315,0.8333333333333334,0.16666666666666666
158,SC1157,2015,Property dispute,Rao and Sons,2015-06-07,Environmental Law,Unanimous,Conservative,6,2,Mr. Anthony Brown,Disposed,6.0,36.0,0.0,Uttar Pradesh,Allahabad,sc1157,property dispute,rao and sons,environmental law,unanimous,conservative,mr. anthony brown,disposed,uttar pradesh,allahabad,2015.0,6.0,7.0,False,False,False,False,False,False,False,False,False,False,0.7889447236180904,0.6896551724137931,0.25,0.5,0.2777777777777778,0.9210526315789473,0.0,0.8333333333333334,0.2
159,SC1158,2022,Judicial review,White Group,2015-06-08,Criminal Law,Per Curiam,Liberal,8,0,Christopher Rivera,Pending,12.0,5.0,2.0,West Bengal,Kolkata,sc1158,judicial review,white group,criminal law,per curiam,liberal,christopher rivera,pending,west bengal,kolkata,2015.0,6.0,8.0,False,False,False,False,False,False,False,False,False,False,0.7939698492462312,0.9310344827586207,0.75,0.0,0.6111111111111112,0.10526315789473684,0.10526315789473684,0.8333333333333334,0.23333333333333334
160,SC1159,2013,Labor dispute,Gupta Group,2015-06-09,Criminal Law,Unanimous,Conservative,9,2,Mrs. Victoria Baker MD,Pending,11.0,28.0,16.0,Uttar Pradesh,Lucknow,sc1159,labor dispute,gupta group,criminal law,unanimous,conservative,mrs. victoria baker md,pending,uttar pradesh,lucknow,2015.0,6.0,9.0,False,False,False,False,False,False,False,False,False,False,0.7989949748743719,0.6206896551724138,1.0,0.5,0.5555555555555556,0.7105263157894737,0.8421052631578947,0.8333333333333334,0.26666666666666666
161,SC1160,1996,Property dispute,White Group,2015-06-10,Criminal Law,Per Curiam,Conservative,6,1,Mr. Anthony Brown,Pending,15.0,18.0,10.0,Karnataka,Hubli,sc1160,property dispute,white group,criminal law,per curiam,conservative,mr. anthony brown,pending,karnataka,hubli,2015.0,6.0,10.0,False,False,False,False,False,False,False,False,False,False,0.8040201005025126,0.034482758620689655,0.25,0.25,0.7777777777777778,0.4473684210526316,0.5263157894736842,0.8333333333333334,0.3
162,SC1161,2000,Property dispute,Rao and Sons,2015-06-11,Civil Rights,Majority,Liberal,7,0,Mr. John Stevens,Adjourned,15.0,6.0,0.0,Maharashtra,Nashik,sc1161,property dispute,rao and sons,civil rights,majority,liberal,mr. john stevens,adjourned,maharashtra,nashik,2015.0,6.0,11.0,False,False,False,False,False,False,False,False,False,False,0.8090452261306532,0.1724137931034483,0.5,0.0,0.7777777777777778,0.13157894736842105,0.0,0.8333333333333334,0.3333333333333333
163,SC1162,2016,Property dispute,"Torres, Harris and Baker",2015-06-12,Criminal Law,Majority,Liberal,6,3,Mr. Anthony Brown,,16.0,18.0,14.0,Bihar,Muzaffarpur,sc1162,property dispute,"torres, harris and baker",criminal law,majority,liberal,mr. anthony brown,nan,bihar,muzaffarpur,2015.0,6.0,12.0,False,False,False,False,False,False,False,False,False,False,0.8140703517587939,0.7241379310344828,0.25,0.75,0.8333333333333334,0.4473684210526316,0.7368421052631579,0.8333333333333334,0.36666666666666664
164,SC1163,2024,Contract law,Rao and Sons,2015-06-13,Judicial Power,Majority,Conservative,5,1,Mrs. Victoria Baker MD,Pending,10.0,8.0,5.0,Maharashtra,Nagpur,sc1163,contract law,rao and sons,judicial power,majority,conservative,mrs. victoria baker md,pending,maharashtra,nagpur,2015.0,6.0,13.0,False,False,False,False,False,False,False,False,False,False,0.8190954773869347,1.0,0.0,0.25,0.5,0.18421052631578946,0.2631578947368421,0.8333333333333334,0.4
165,SC1164,2020,Case about tax,"Patel, Kumar and Singh",2015-06-14,Civil Rights,Majority,Liberal,8,1,Mr. John Stevens,Disposed,12.0,31.0,18.0,Karnataka,Belgaum,sc1164,case about tax,"patel, kumar and singh",civil rights,majority,liberal,mr. john stevens,disposed,karnataka,belgaum,2015.0,6.0,14.0,False,False,False,False,False,False,False,False,False,False,0.8241206030150754,0.8620689655172413,0.75,0.25,0.6111111111111112,0.7894736842105263,0.9473684210526315,0.8333333333333334,0.43333333333333335
166,SC1165,2012,Criminal appeal,Gupta Group,2015-06-15,Judicial Power,Majority,Conservative,5,3,Mr. John Stevens,Pending,13.0,5.0,15.0,Tamil Nadu,Coimbatore,sc1165,criminal appeal,gupta group,judicial power,majority,conservative,mr. john stevens,pending,tamil nadu,coimbatore,2015.0,6.0,15.0,False,False,False,False,False,False,False,False,False,False,0.8291457286432161,0.5862068965517241,0.0,0.75,0.6666666666666666,0.10526315789473684,0.7894736842105263,0.8333333333333334,0.4666666666666667
167,SC1166,2000,Case about tax,Sharma Associates,2015-06-16,Environmental Law,Plurality,Conservative,8,2,Mr. John Stevens,Disposed,4.0,33.0,14.0,Gujarat,Surat,sc1166,case about tax,sharma associates,environmental law,plurality,conservative,mr. john stevens,disposed,gujarat,surat,2015.0,6.0,16.0,False,False,False,False,False,False,False,False,False,False,0.8341708542713567,0.1724137931034483,0.75,0.5,0.16666666666666666,0.8421052631578947,0.7368421052631579,0.8333333333333334,0.5
168,SC1167,2003,Environmental law,White Group,2015-06-17,Environmental Law,Majority,Liberal,5,4,Mr. Anthony Brown,,7.0,21.0,13.0,Kerala,Kozhikode,sc1167,environmental law,white group,environmental law,majority,liberal,mr. anthony brown,nan,kerala,kozhikode,2015.0,6.0,17.0,False,False,False,False,False,False,False,False,False,False,0.8391959798994975,0.27586206896551724,0.0,1.0,0.3333333333333333,0.5263157894736842,0.6842105263157895,0.8333333333333334,0.5333333333333333
169,SC1168,1999,Judicial review,"Torres, Harris and Baker",2015-06-18,Civil Rights,Per Curiam,Liberal,6,4,Mrs. Tammy Alexander MD,Pending,2.0,22.0,3.0,West Bengal,Howrah,sc1168,judicial review,"torres, harris and baker",civil rights,per curiam,liberal,mrs. tammy alexander md,pending,west bengal,howrah,2015.0,6.0,18.0,False,False,False,False,False,False,False,False,False,False,0.8442211055276382,0.13793103448275862,0.25,1.0,0.05555555555555555,0.5526315789473685,0.15789473684210525,0.8333333333333334,0.5666666666666667
170,SC1169,2009,Property dispute,"Patel, Kumar and Singh",2015-06-19,Criminal Law,Per Curiam,Conservative,8,3,Dr. Lisa Morgan,Adjourned,15.0,24.0,7.0,Tamil Nadu,Coimbatore,sc1169,property dispute,"patel, kumar and singh",criminal law,per curiam,conservative,dr. lisa morgan,adjourned,tamil nadu,coimbatore,2015.0,6.0,19.0,False,False,False,False,False,False,False,False,False,False,0.8492462311557789,0.4827586206896552,0.75,0.75,0.7777777777777778,0.6052631578947368,0.3684210526315789,0.8333333333333334,0.6
171,SC1170,2004,Criminal appeal,"Jones, Brown and Parker",2015-06-20,Judicial Power,Plurality,Conservative,6,3,Dr. Lisa Morgan,Disposed,8.0,10.0,10.0,Bihar,Gaya,sc1170,criminal appeal,"jones, brown and parker",judicial power,plurality,conservative,dr. lisa morgan,disposed,bihar,gaya,2015.0,6.0,20.0,False,False,False,False,False,False,False,False,False,False,0.8542713567839196,0.3103448275862069,0.25,0.75,0.3888888888888889,0.23684210526315788,0.5263157894736842,0.8333333333333334,0.6333333333333333
172,SC1171,2004,Environmental law,White Group,2015-06-21,Judicial Power,Per Curiam,Conservative,8,2,Mrs. Tammy Alexander MD,Adjourned,,19.0,14.0,Uttar Pradesh,Kanpur,sc1171,environmental law,white group,judicial power,per curiam,conservative,mrs. tammy alexander md,adjourned,uttar pradesh,kanpur,2015.0,6.0,21.0,False,False,False,False,False,False,False,False,False,False,0.8592964824120602,0.3103448275862069,0.75,0.5,,0.47368421052631576,0.7368421052631579,0.8333333333333334,0.6666666666666666
173,SC1172,2009,Freedom of speech,"Jones, Brown and Parker",2015-06-22,Civil Rights,Plurality,Liberal,8,4,Dr. Lisa Morgan,Adjourned,15.0,25.0,18.0,Bihar,Bhagalpur,sc1172,freedom of speech,"jones, brown and parker",civil rights,plurality,liberal,dr. lisa morgan,adjourned,bihar,bhagalpur,2015.0,6.0,22.0,False,False,False,False,False,False,False,False,False,False,0.864321608040201,0.4827586206896552,0.75,1.0,0.7777777777777778,0.631578947368421,0.9473684210526315,0.8333333333333334,0.7
174,SC1173,2013,Contract law,White Group,2015-06-23,Judicial Power,Majority,Conservative,7,1,Mrs. Victoria Baker MD,Pending,14.0,27.0,10.0,Tamil Nadu,Coimbatore,sc1173,contract law,white group,judicial power,majority,conservative,mrs. victoria baker md,pending,tamil nadu,coimbatore,2015.0,6.0,23.0,False,False,False,False,False,False,False,False,False,False,0.8693467336683417,0.6206896551724138,0.5,0.25,0.7222222222222222,0.6842105263157895,0.5263157894736842,0.8333333333333334,0.7333333333333333
175,SC1174,1996,Property dispute,Rao and Sons,2015-06-24,Judicial Power,Plurality,Liberal,9,0,Mr. Anthony Brown,Pending,8.0,25.0,5.0,Maharashtra,Pune,sc1174,property dispute,rao and sons,judicial power,plurality,liberal,mr. anthony brown,pending,maharashtra,pune,2015.0,6.0,24.0,False,False,False,False,False,False,False,False,False,False,0.8743718592964824,0.034482758620689655,1.0,0.0,0.3888888888888889,0.631578947368421,0.2631578947368421,0.8333333333333334,0.7666666666666667
176,SC1175,2001,Judicial review,"Patel, Kumar and Singh",2015-06-25,Civil Rights,Majority,Conservative,9,2,Mrs. Tammy Alexander MD,Pending,12.0,39.0,9.0,Madhya Pradesh,Ujjain,sc1175,judicial review,"patel, kumar and singh",civil rights,majority,conservative,mrs. tammy alexander md,pending,madhya pradesh,ujjain,2015.0,6.0,25.0,False,False,False,False,False,False,False,False,False,False,0.8793969849246231,0.20689655172413793,1.0,0.5,0.6111111111111112,1.0,0.47368421052631576,0.8333333333333334,0.8
177,SC1176,2011,Environmental law,"Jones, Brown and Parker",2015-06-26,Environmental Law,Plurality,Conservative,7,2,Mr. Anthony Brown,Disposed,13.0,,4.0,Tamil Nadu,Madurai,sc1176,environmental law,"jones, brown and parker",environmental law,plurality,conservative,mr. anthony brown,disposed,tamil nadu,madurai,2015.0,6.0,26.0,False,False,False,False,False,False,False,False,False,False,0.8844221105527639,0.5517241379310345,0.5,0.5,0.6666666666666666,,0.21052631578947367,0.8333333333333334,0.8333333333333334
178,SC1177,2012,Labor dispute,Gupta Group,2015-06-27,Environmental Law,Plurality,Conservative,7,2,Dr. Lisa Morgan,Pending,11.0,39.0,7.0,Uttar Pradesh,Allahabad,sc1177,labor dispute,gupta group,environmental law,plurality,conservative,dr. lisa morgan,pending,uttar pradesh,allahabad,2015.0,6.0,27.0,False,False,False,False,False,False,False,False,False,False,0.8894472361809045,0.5862068965517241,0.5,0.5,0.5555555555555556,1.0,0.3684210526315789,0.8333333333333334,0.8666666666666667
179,SC1178,2015,Environmental law,"Jones, Brown and Parker",2015-06-28,Environmental Law,Unanimous,Liberal,5,4,Mrs. Victoria Baker MD,Pending,17.0,8.0,9.0,Maharashtra,Aurangabad,sc1178,environmental law,"jones, brown and parker",environmental law,unanimous,liberal,mrs. victoria baker md,pending,maharashtra,aurangabad,2015.0,6.0,28.0,False,False,False,False,False,False,False,False,False,False,0.8944723618090452,0.6896551724137931,0.0,1.0,0.8888888888888888,0.18421052631578946,0.47368421052631576,0.8333333333333334,0.9
180,SC1179,2024,Contract law,Smith & Co,2015-06-29,Civil Rights,Plurality,Liberal,7,4,Mr. John Stevens,Disposed,17.0,17.0,8.0,Kerala,Kozhikode,sc1179,contract law,smith & co,civil rights,plurality,liberal,mr. john stevens,disposed,kerala,kozhikode,2015.0,6.0,29.0,False,False,False,False,False,False,False,False,False,False,0.8994974874371859,1.0,0.5,1.0,0.8888888888888888,0.42105263157894735,0.42105263157894735,0.8333333333333334,0.9333333333333333
181,SC1180,1998,Environmental law,"Patel, Kumar and Singh",2015-06-30,Environmental Law,Majority,Liberal,8,3,Dr. Lisa Morgan,Disposed,4.0,10.0,9.0,West Bengal,Siliguri,sc1180,environmental law,"patel, kumar and singh",environmental law,majority,liberal,dr. lisa morgan,disposed,west bengal,siliguri,2015.0,6.0,30.0,False,False,False,False,False,False,False,False,False,False,0.9045226130653267,0.10344827586206896,0.75,0.75,0.16666666666666666,0.23684210526315788,0.47368421052631576,0.8333333333333334,0.9666666666666667
182,SC1181,1995,Criminal appeal,Gupta Group,2015-07-01,Judicial Power,Per Curiam,Liberal,8,1,Mrs. Victoria Baker MD,Pending,8.0,37.0,10.0,Rajasthan,Jaipur,sc1181,criminal appeal,gupta group,judicial power,per curiam,liberal,mrs. victoria baker md,pending,rajasthan,jaipur,2015.0,7.0,1.0,False,False,False,False,False,False,False,False,False,False,0.9095477386934674,0.0,0.75,0.25,0.3888888888888889,0.9473684210526315,0.5263157894736842,1.0,0.0
183,SC1182,2013,Contract law,"Patel, Kumar and Singh",2015-07-02,Criminal Law,Plurality,Conservative,5,2,Mr. Anthony Brown,Pending,5.0,25.0,2.0,Madhya Pradesh,Indore,sc1182,contract law,"patel, kumar and singh",criminal law,plurality,conservative,mr. anthony brown,pending,madhya pradesh,indore,2015.0,7.0,2.0,False,False,False,False,False,False,False,False,False,False,0.914572864321608,0.6206896551724138,0.0,0.5,0.2222222222222222,0.631578947368421,0.10526315789473684,1.0,0.03333333333333333
184,SC1183,1997,Criminal appeal,"Patel, Kumar and Singh",2015-07-03,Economic Activity,Majority,Liberal,5,2,Mrs. Victoria Baker MD,Pending,16.0,15.0,13.0,Maharashtra,Pune,sc1183,criminal appeal,"patel, kumar and singh",economic activity,majority,liberal,mrs. victoria baker md,pending,maharashtra,pune,2015.0,7.0,3.0,False,False,False,False,False,False,False,False,False,False,0.9195979899497487,0.06896551724137931,0.0,0.5,0.8333333333333334,0.3684210526315789,0.6842105263157895,1.0,0.06666666666666667
185,SC1184,2019,Environmental law,"Torres, Harris and Baker",2015-07-04,Economic Activity,Per Curiam,Liberal,6,2,Mrs. Victoria Baker MD,,4.0,23.0,15.0,Bihar,Muzaffarpur,sc1184,environmental law,"torres, harris and baker",economic activity,per curiam,liberal,mrs. victoria baker md,nan,bihar,muzaffarpur,2015.0,7.0,4.0,False,False,False,False,False,False,False,False,False,False,0.9246231155778895,0.8275862068965517,0.25,0.5,0.16666666666666666,0.5789473684210527,0.7894736842105263,1.0,0.1
186,SC1185,2013,Criminal appeal,"Jones, Brown and Parker",2015-07-05,Judicial Power,Per Curiam,Liberal,8,2,Mr. John Stevens,Adjourned,15.0,27.0,8.0,Bihar,Gaya,sc1185,criminal appeal,"jones, brown and parker",judicial power,per curiam,liberal,mr. john stevens,adjourned,bihar,gaya,2015.0,7.0,5.0,False,False,False,False,False,False,False,False,False,False,0.9296482412060302,0.6206896551724138,0.75,0.5,0.7777777777777778,0.6842105263157895,0.42105263157894735,1.0,0.13333333333333333
187,SC1186,2022,Environmental law,Gupta Group,2015-07-06,Criminal Law,Unanimous,Conservative,6,3,Dr. Lisa Morgan,Adjourned,12.0,14.0,2.0,West Bengal,Asansol,sc1186,environmental law,gupta group,criminal law,unanimous,conservative,dr. lisa morgan,adjourned,west bengal,asansol,2015.0,7.0,6.0,False,False,False,False,False,False,False,False,False,False,0.9346733668341709,0.9310344827586207,0.25,0.75,0.6111111111111112,0.34210526315789475,0.10526315789473684,1.0,0.16666666666666666
188,SC1187,2019,Case about tax,"Patel, Kumar and Singh",2015-07-07,Economic Activity,Unanimous,Conservative,6,2,Dr. Lisa Morgan,Pending,5.0,5.0,8.0,Maharashtra,Nagpur,sc1187,case about tax,"patel, kumar and singh",economic activity,unanimous,conservative,dr. lisa morgan,pending,maharashtra,nagpur,2015.0,7.0,7.0,False,False,False,False,False,False,False,False,False,False,0.9396984924623115,0.8275862068965517,0.25,0.5,0.2222222222222222,0.10526315789473684,0.42105263157894735,1.0,0.2
189,SC1188,2013,Property dispute,"Patel, Kumar and Singh",2015-07-08,Economic Activity,Per Curiam,Conservative,9,1,Christopher Rivera,Adjourned,16.0,1.0,0.0,Madhya Pradesh,Jabalpur,sc1188,property dispute,"patel, kumar and singh",economic activity,per curiam,conservative,christopher rivera,adjourned,madhya pradesh,jabalpur,2015.0,7.0,8.0,False,False,False,False,False,False,False,False,False,False,0.9447236180904522,0.6206896551724138,1.0,0.25,0.8333333333333334,0.0,0.0,1.0,0.23333333333333334
190,SC1189,1998,Freedom of speech,Smith & Co,2015-07-09,Environmental Law,Plurality,Liberal,7,4,Mrs. Victoria Baker MD,Disposed,14.0,37.0,15.0,Maharashtra,Nashik,sc1189,freedom of speech,smith & co,environmental law,plurality,liberal,mrs. victoria baker md,disposed,maharashtra,nashik,2015.0,7.0,9.0,False,False,False,False,False,False,False,False,False,False,0.949748743718593,0.10344827586206896,0.5,1.0,0.7222222222222222,0.9473684210526315,0.7894736842105263,1.0,0.26666666666666666
191,SC1190,2010,Property dispute,"Torres, Harris and Baker",2015-07-10,Criminal Law,Unanimous,Conservative,7,3,Mr. Anthony Brown,Adjourned,10.0,13.0,0.0,West Bengal,Siliguri,sc1190,property dispute,"torres, harris and baker",criminal law,unanimous,conservative,mr. anthony brown,adjourned,west bengal,siliguri,2015.0,7.0,10.0,False,False,False,False,False,False,False,False,False,False,0.9547738693467337,0.5172413793103449,0.5,0.75,0.5,0.3157894736842105,0.0,1.0,0.3
192,SC1191,1999,Criminal appeal,Rao and Sons,2015-07-11,Environmental Law,Unanimous,Conservative,8,0,Mrs. Victoria Baker MD,Adjourned,7.0,20.0,8.0,Karnataka,Hubli,sc1191,criminal appeal,rao and sons,environmental law,unanimous,conservative,mrs. victoria baker md,adjourned,karnataka,hubli,2015.0,7.0,11.0,False,False,False,False,False,False,False,False,False,False,0.9597989949748744,0.13793103448275862,0.75,0.0,0.3333333333333333,0.5,0.42105263157894735,1.0,0.3333333333333333
193,SC1192,2013,Property dispute,"Jones, Brown and Parker",2015-07-12,Environmental Law,Per Curiam,Conservative,6,2,Mr. Anthony Brown,,13.0,38.0,18.0,Madhya Pradesh,Indore,sc1192,property dispute,"jones, brown and parker",environmental law,per curiam,conservative,mr. anthony brown,nan,madhya pradesh,indore,2015.0,7.0,12.0,False,False,False,False,False,False,False,False,False,False,0.964824120603015,0.6206896551724138,0.25,0.5,0.6666666666666666,0.9736842105263158,0.9473684210526315,1.0,0.36666666666666664
194,SC1193,2013,Case about tax,Gupta Group,2015-07-13,Judicial Power,Unanimous,Liberal,5,1,Christopher Rivera,Adjourned,5.0,4.0,0.0,Uttar Pradesh,Allahabad,sc1193,case about tax,gupta group,judicial power,unanimous,liberal,christopher rivera,adjourned,uttar pradesh,allahabad,2015.0,7.0,13.0,False,False,False,False,False,False,False,False,False,False,0.9698492462311558,0.6206896551724138,0.0,0.25,0.2222222222222222,0.07894736842105263,0.0,1.0,0.4
195,SC1194,2017,Environmental law,Smith & Co,2015-07-14,Environmental Law,Majority,Liberal,8,2,Christopher Rivera,Adjourned,3.0,18.0,3.0,Maharashtra,Nagpur,sc1194,environmental law,smith & co,environmental law,majority,liberal,christopher rivera,adjourned,maharashtra,nagpur,2015.0,7.0,14.0,False,False,False,False,False,False,False,False,False,False,0.9748743718592965,0.7586206896551724,0.75,0.5,0.1111111111111111,0.4473684210526316,0.15789473684210525,1.0,0.43333333333333335
196,SC1195,1996,Contract law,"Jones, Brown and Parker",2015-07-15,Economic Activity,Per Curiam,Liberal,7,3,Mr. Anthony Brown,Adjourned,15.0,23.0,,Bihar,Patna,sc1195,contract law,"jones, brown and parker",economic activity,per curiam,liberal,mr. anthony brown,adjourned,bihar,patna,2015.0,7.0,15.0,False,False,False,False,False,False,False,False,False,False,0.9798994974874372,0.034482758620689655,0.5,0.75,0.7777777777777778,0.5789473684210527,,1.0,0.4666666666666667
197,SC1196,2004,Contract law,Rao and Sons,2015-07-16,Criminal Law,Unanimous,Conservative,8,3,Dr. Lisa Morgan,Adjourned,4.0,29.0,0.0,Maharashtra,Nagpur,sc1196,contract law,rao and sons,criminal law,unanimous,conservative,dr. lisa morgan,adjourned,maharashtra,nagpur,2015.0,7.0,16.0,False,False,False,False,False,False,False,False,False,False,0.9849246231155779,0.3103448275862069,0.75,0.75,0.16666666666666666,0.7368421052631579,0.0,1.0,0.5
198,SC1197,1996,Criminal appeal,Sharma Associates,2015-07-17,Judicial Power,Unanimous,Conservative,9,3,Dr. Lisa Morgan,Disposed,15.0,10.0,2.0,Karnataka,Bengaluru,sc1197,criminal appeal,sharma associates,judicial power,unanimous,conservative,dr. lisa morgan,disposed,karnataka,bengaluru,2015.0,7.0,17.0,False,False,False,False,False,False,False,False,False,False,0.9899497487437185,0.034482758620689655,1.0,0.75,0.7777777777777778,0.23684210526315788,0.10526315789473684,1.0,0.5333333333333333
199,SC1198,2023,Labor dispute,Smith & Co,2015-07-18,Judicial Power,Per Curiam,Conservative,5,2,Mrs. Victoria Baker MD,Pending,14.0,21.0,0.0,Maharashtra,Pune,sc1198,labor dispute,smith & co,judicial power,per curiam,conservative,mrs. victoria baker md,pending,maharashtra,pune,2015.0,7.0,18.0,False,False,False,False,False,False,False,False,False,False,0.9949748743718593,0.9655172413793104,0.0,0.5,0.7222222222222222,0.5263157894736842,0.0,1.0,0.5666666666666667
200,SC1199,2023,Environmental law,"Patel, Kumar and Singh",2015-07-19,Criminal Law,Plurality,Liberal,8,0,Mrs. Tammy Alexander MD,Pending,19.0,1.0,11.0,Karnataka,Mysuru,sc1199,environmental law,"patel, kumar and singh",criminal law,plurality,liberal,mrs. tammy alexander md,pending,karnataka,mysuru,2015.0,7.0,19.0,False,False,False,False,False,False,False,False,False,False,1.0,0.9655172413793104,0.75,0.0,1.0,0.0,0.5789473684210527,1.0,0.6
