Case_ID,Term,Hearing_Date,Majority_Votes,Minority_Votes,Courtroom,Duration_Days,Victim  Count,District,Hearing_Date_year,Hearing_Date_month,Hearing_Date_day,ratio_feature,Case_Name_Case about tax,Case_Name_Contract law,Case_Name_Criminal appeal,Case_Name_Environmental law,Case_Name_Freedom of speech,Case_Name_Judicial review,Case_Name_Labor dispute,Case_Name_Property dispute,Petitioner_Gupta Group,"Petitioner_Jones, Brown and Parker","Petitioner_Patel, Kumar and Singh",Petitioner_Rao and Sons,Petitioner_Sharma Associates,Petitioner_Smith & Co,"Petitioner_Torres, Harris and Baker",Petitioner_White Group,Issue_Area_Civil Rights,Issue_Area_Criminal Law,Issue_Area_Economic Activity,Issue_Area_Environmental Law,Issue_Area_Judicial Power,Decision_Type_Majority,Decision_Type_Per Curiam,Decision_Type_Plurality,Decision_Type_Unanimous,Direction_Conservative,Direction_Liberal,Chief_Justice_Christopher Rivera,Chief_Justice_Dr. Lisa Morgan,Chief_Justice_Mr. Anthony Brown,Chief_Justice_Mr. John Stevens,Chief_Justice_Mrs. Tammy Alexander MD,Chief_Justice_Mrs. Victoria Baker MD,Case_Status_Adjourned,Case_Status_Disposed,Case_Status_Pending,State_Bihar,State_Gujarat,State_Karnataka,State_Kerala,State_Madhya Pradesh,State_Maharashtra,State_Rajasthan,State_Tamil Nadu,State_Uttar Pradesh,State_West Bengal
SC1000,1996,2015-01-01,5,2,3.0,33.0,3.0,Agra,2015.0,1.0,1.0,332.6666666666667,False,False,False,False,True,False,False,False,False,False,False,False,False,True,False,False,False,False,False,True,False,False,False,False,True,False,True,False,False,False,False,False,True,False,True,False,False,False,False,False,False,False,False,False,True,False
SC1001,1996,2015-01-02,8,3,6.0,35.0,0.0,Bhopal,2015.0,1.0,2.0,221.77777777777777,False,True,False,False,False,False,False,False,False,True,False,False,False,False,False,False,False,True,False,False,False,False,False,False,True,True,False,False,False,False,False,True,False,False,False,True,False,False,False,False,True,False,False,False,False,False
SC1002,2004,2015-01-03,8,2,5.0,12.0,4.0,Aurangabad,2015.0,1.0,3.0,222.66666666666666,False,True,False,False,False,False,False,False,False,False,True,False,False,False,False,False,False,False,False,False,True,False,False,False,True,False,True,False,False,True,False,False,False,False,True,False,False,False,False,False,False,True,False,False,False,False
SC1003,2004,2015-01-04,7,4,17.0,29.0,5.0,Coimbatore,2015.0,1.0,4.0,250.5,False,False,True,False,False,False,False,False,False,False,False,False,False,False,True,False,True,False,False,False,False,False,False,True,False,False,True,False,False,False,False,False,True,False,True,False,False,False,False,False,False,False,False,True,False,False
SC1004,2007,2015-01-05,6,3,2.0,22.0,3.0,Jabalpur,2015.0,1.0,5.0,286.7142857142857,False,False,True,False,False,False,False,False,False,False,False,False,True,False,False,False,False,False,False,False,True,False,False,False,True,False,True,False,False,False,False,False,True,False,True,False,False,False,False,False,True,False,False,False,False,False
SC1005,2009,2015-01-06,8,1,15.0,38.0,2.0,Coimbatore,2015.0,1.0,6.0,223.22222222222223,False,False,False,False,True,False,False,False,True,False,False,False,False,False,False,False,False,True,False,False,False,True,False,False,False,True,False,False,False,False,True,False,False,True,False,False,False,False,False,False,False,False,False,True,False,False
SC1006,2014,2015-01-01,8,4,5.0,37.0,4.0,Mysuru,2015.0,4.0,15.0,223.77777777777777,False,False,False,False,False,True,False,False,False,False,False,True,False,False,False,False,False,False,False,True,False,False,False,True,False,True,False,True,False,False,False,False,False,False,False,True,False,False,True,False,False,False,False,False,False,False
SC1007,2000,2015-01-08,8,2,6.0,20.0,19.0,Bengaluru,2015.0,1.0,8.0,222.22222222222223,False,False,False,False,False,False,False,True,False,False,False,False,False,True,False,False,False,False,False,False,True,True,False,False,False,True,False,False,True,False,False,False,False,True,False,False,False,False,True,False,False,False,False,False,False,False
SC1008,2012,2015-01-09,6,3,6.0,10.0,6.0,Jaipur,2015.0,1.0,9.0,287.42857142857144,False,False,True,False,False,False,False,False,False,False,False,False,False,False,False,True,False,False,True,False,False,True,False,False,False,True,False,False,False,False,True,False,False,True,False,False,False,False,False,False,False,False,True,False,False,False
SC1009,2002,2015-01-10,6,2,18.0,36.0,0.0,Hubli,2015.0,1.0,10.0,286.0,True,False,False,False,False,False,False,False,False,False,False,True,False,False,False,False,False,False,False,False,True,False,False,False,True,False,True,False,False,False,False,False,True,False,False,True,False,False,True,False,False,False,False,False,False,False
SC1010,1998,2015-01-11,9,2,18.0,20.87830687830688,15.0,Ujjain,2015.0,1.0,11.0,199.8,False,False,True,False,False,False,False,False,False,False,False,False,False,True,False,False,False,False,False,False,True,False,False,True,False,False,True,True,False,False,False,False,False,False,False,True,False,False,False,False,True,False,False,False,False,False
SC1011,2019,2015-01-01,9,1,4.0,29.0,15.0,Mangalore,2015.0,4.0,15.0,201.9,False,False,False,False,False,False,True,False,False,False,False,False,False,False,True,False,False,True,False,False,False,False,True,False,False,False,True,False,False,False,True,False,False,True,False,False,False,False,True,False,False,False,False,False,False,False
SC1012,2023,2015-01-13,8,2,17.0,20.87830687830688,16.0,Jodhpur,2015.0,1.0,13.0,224.77777777777777,False,False,True,False,False,False,False,False,False,False,True,False,False,False,False,False,False,True,False,False,False,False,False,False,True,True,False,False,False,False,True,False,False,True,False,False,False,False,False,False,False,False,True,False,False,False
SC1013,2009,2015-01-14,9,1,14.0,24.0,2.0,Kota,2015.0,1.0,14.0,200.9,False,False,False,False,False,False,True,False,False,False,False,False,True,False,False,False,False,False,True,False,False,False,False,False,True,True,False,False,False,True,False,False,False,True,False,False,False,False,False,False,False,False,True,False,False,False
SC1014,2016,2015-01-15,9,0,14.0,23.0,17.0,Howrah,2015.0,1.0,15.0,201.6,False,False,False,False,True,False,False,False,False,False,True,False,False,False,False,False,True,False,False,False,False,False,True,False,False,True,False,False,False,False,True,False,False,True,False,False,False,False,False,False,False,False,False,False,False,True
SC1015,2024,2015-01-16,9,1,13.0,23.0,7.0,Allahabad,2015.0,1.0,16.0,202.4,False,False,False,False,False,False,True,False,False,True,False,False,False,False,False,False,False,False,True,False,False,False,False,False,True,False,True,True,False,False,False,False,False,False,False,True,False,False,False,False,False,False,False,False,True,False
SC1016,2024,2015-01-17,9,2,7.0,10.0,16.0,Muzaffarpur,2015.0,1.0,17.0,202.4,False,True,False,False,False,False,False,False,False,True,False,False,False,False,False,False,True,False,False,False,False,False,True,False,False,False,True,False,False,True,False,False,False,False,False,True,True,False,False,False,False,False,False,False,False,False
SC1017,2005,2015-01-18,7,4,12.0,14.0,9.0,Lucknow,2015.0,1.0,18.0,250.625,False,False,False,False,False,True,False,False,False,True,False,False,False,False,False,False,True,False,False,False,False,False,False,True,False,False,True,False,False,False,False,False,True,True,False,False,False,False,False,False,False,False,False,False,True,False
SC1018,2007,2015-01-19,5,0,15.0,32.0,5.0,Hubli,2015.0,1.0,19.0,334.5,False,False,False,False,True,False,False,False,False,False,False,False,True,False,False,False,False,True,False,False,False,False,False,False,True,True,False,True,False,False,False,False,False,False,True,False,False,False,True,False,False,False,False,False,False,False
SC1019,2017,2015-01-20,5,1,19.0,13.0,5.0,Nagpur,2015.0,1.0,20.0,336.1666666666667,False,False,False,False,False,False,False,True,False,False,True,False,False,False,False,False,False,False,False,False,True,True,False,False,False,True,False,False,False,False,False,False,True,False,True,False,False,False,False,False,False,True,False,False,False,False
SC1020,2010,2015-01-21,6,3,11.0,17.0,0.0,Kollam,2015.0,1.0,21.0,287.14285714285717,False,False,False,False,False,False,False,True,False,False,True,False,False,False,False,False,False,False,False,True,False,False,True,False,False,True,False,False,False,True,False,False,False,False,False,True,False,False,False,True,False,False,False,False,False,False
SC1021,2018,2015-01-22,6,2,15.0,11.0,0.0,Ahmedabad,2015.0,1.0,22.0,288.2857142857143,False,False,False,False,False,True,False,False,False,True,False,False,False,False,False,False,False,False,True,False,False,False,True,False,False,False,True,False,False,False,True,False,False,True,False,False,False,True,False,False,False,False,False,False,False,False
SC1022,2000,2015-01-01,5,1,12.0,21.0,11.0,Surat,2015.0,4.0,15.0,333.3333333333333,False,False,False,True,False,False,False,False,False,False,False,False,True,False,False,False,False,False,False,False,True,False,True,False,False,True,False,False,False,True,False,False,False,True,False,False,False,True,False,False,False,False,False,False,False,False
SC1023,2015,2015-01-24,9,1,3.0,39.0,14.0,Ujjain,2015.0,1.0,24.0,201.5,False,True,False,False,False,False,False,False,True,False,False,False,False,False,False,False,False,False,False,False,True,True,False,False,False,False,True,False,False,True,False,False,False,False,False,True,False,False,False,False,True,False,False,False,False,False
SC1024,2003,2015-01-25,8,4,17.0,3.0,16.0,Madurai,2015.0,1.0,25.0,222.55555555555554,False,True,False,False,False,False,False,False,False,False,False,True,False,False,False,False,False,True,False,False,False,True,False,False,False,True,False,False,False,False,True,False,False,False,True,False,False,False,False,False,False,False,False,True,False,False
SC1025,2003,2015-01-26,6,3,3.0,11.0,11.0,Bhagalpur,2015.0,1.0,26.0,286.14285714285717,False,True,False,False,False,False,False,False,False,False,False,False,False,True,False,False,False,False,False,True,False,False,False,False,True,True,False,False,False,False,False,False,True,False,True,False,True,False,False,False,False,False,False,False,False,False
SC1026,2005,2015-01-27,6,0,19.0,20.87830687830688,5.0,Udaipur,2015.0,1.0,27.0,286.42857142857144,False,False,False,False,False,True,False,False,False,False,False,True,False,False,False,False,True,False,False,False,False,False,True,False,False,False,True,False,False,True,False,False,False,False,True,False,False,False,False,False,False,False,True,False,False,False
SC1027,2016,2015-01-28,7,1,4.0,19.0,9.0,Howrah,2015.0,1.0,28.0,252.0,False,False,True,False,False,False,False,False,False,False,False,False,False,False,False,True,False,False,False,False,True,False,True,False,False,True,False,False,False,False,False,True,False,False,False,True,False,False,False,False,False,False,False,False,False,True
SC1028,2008,2015-01-29,5,3,3.0,29.0,6.0,Ujjain,2015.0,1.0,29.0,334.6666666666667,False,False,False,False,False,False,False,True,False,False,False,False,False,True,False,False,False,False,False,True,False,False,False,False,True,False,True,False,False,False,False,False,True,False,True,False,False,False,False,False,True,False,False,False,False,False
SC1029,2014,2015-01-30,5,1,16.0,32.0,16.0,Gaya,2015.0,1.0,30.0,335.6666666666667,False,False,False,False,False,False,True,False,False,True,False,False,False,False,False,False,False,True,False,False,False,True,False,False,False,False,True,True,False,False,False,False,False,False,False,True,True,False,False,False,False,False,False,False,False,False
SC1030,2003,2015-01-31,6,1,12.0,23.0,4.0,Ahmedabad,2015.0,1.0,31.0,286.14285714285717,True,False,False,False,False,False,False,False,True,False,False,False,False,False,False,False,False,False,True,False,False,False,True,False,False,False,True,False,False,False,True,False,False,False,False,True,False,True,False,False,False,False,False,False,False,False
SC1031,2018,2015-02-01,8,3,8.0,26.0,7.0,Kolkata,2015.0,2.0,1.0,224.22222222222223,False,True,False,False,False,False,False,False,False,True,False,False,False,False,False,False,True,False,False,False,False,False,True,False,False,False,True,False,False,False,True,False,False,True,False,False,False,False,False,False,False,False,False,False,False,True
SC1032,1996,2015-02-02,6,4,17.0,17.0,15.0,Bhagalpur,2015.0,2.0,2.0,285.14285714285717,False,False,True,False,False,False,False,False,False,False,False,False,False,False,True,False,False,False,True,False,False,False,True,False,False,False,True,False,False,True,False,False,False,False,True,False,True,False,False,False,False,False,False,False,False,False
SC1033,2021,2015-02-03,5,3,7.0,25.0,1.0,Gwalior,2015.0,2.0,3.0,336.8333333333333,False,True,False,False,False,False,False,False,True,False,False,False,False,False,False,False,True,False,False,False,False,True,False,False,False,True,False,False,False,False,False,False,True,False,False,True,False,False,False,False,True,False,False,False,False,False
SC1034,2024,2015-02-04,8,0,11.0,22.0,19.0,Bhagalpur,2015.0,2.0,4.0,224.88888888888889,True,False,False,False,False,False,False,False,False,False,False,True,False,False,False,False,False,False,False,False,True,False,False,True,False,False,True,False,True,False,False,False,False,False,True,False,True,False,False,False,False,False,False,False,False,False
SC1035,1998,2015-01-01,5,2,18.0,20.87830687830688,10.0,Coimbatore,2015.0,4.0,15.0,333.0,False,False,False,False,False,False,False,True,False,False,True,False,False,False,False,False,False,False,False,False,True,False,False,False,True,True,False,False,False,False,True,False,False,False,True,False,False,False,False,False,False,False,False,True,False,False
SC1036,2020,2015-02-06,7,1,1.0,4.0,11.0,Hubli,2015.0,2.0,6.0,252.5,False,True,False,False,False,False,False,False,False,True,False,False,False,False,False,False,True,False,False,False,False,False,False,True,False,True,False,False,False,True,False,False,False,True,False,False,False,False,True,False,False,False,False,False,False,False
SC1037,1999,2015-02-07,6,3,3.0,1.0,4.0,Ahmedabad,2015.0,2.0,7.0,285.57142857142856,True,False,False,False,False,False,False,False,False,False,False,True,False,False,False,False,False,True,False,False,False,True,False,False,False,True,False,False,False,False,True,False,False,False,True,False,False,True,False,False,False,False,False,False,False,False
SC1038,2022,2015-02-08,5,2,4.0,38.0,7.0,Mangalore,2015.0,2.0,8.0,337.0,False,False,False,False,False,False,True,False,False,False,True,False,False,False,False,False,True,False,False,False,False,False,False,True,False,True,False,False,True,False,False,False,False,True,False,False,False,False,True,False,False,False,False,False,False,False
SC1039,2009,2015-02-09,9,3,13.0,24.0,17.0,Bhopal,2015.0,2.0,9.0,200.9,False,False,False,False,True,False,False,False,False,False,False,True,False,False,False,False,False,False,False,True,False,False,True,False,False,True,False,False,True,False,False,False,False,False,False,True,False,False,False,False,True,False,False,False,False,False
SC1040,2009,2015-02-10,9,2,6.0,39.0,16.0,Nashik,2015.0,2.0,10.0,200.9,False,False,False,True,False,False,False,False,False,False,False,False,True,False,False,False,False,True,False,False,False,False,True,False,False,False,True,True,False,False,False,False,False,False,True,False,False,False,False,False,False,True,False,False,False,False
SC1041,2011,2015-02-11,9,3,14.0,22.0,13.0,Vadodara,2015.0,2.0,11.0,201.1,False,False,False,True,False,False,False,False,False,False,False,False,False,False,False,True,False,False,False,True,False,False,False,True,False,True,False,False,True,False,False,False,False,False,False,True,False,True,False,False,False,False,False,False,False,False
SC1042,2006,2015-02-12,7,4,5.0,27.0,14.0,Bhopal,2015.0,2.0,12.0,250.75,True,False,False,False,False,False,False,False,False,False,False,True,False,False,False,False,False,False,False,True,False,False,False,True,False,True,False,False,False,False,False,False,True,False,True,False,False,False,False,False,True,False,False,False,False,False
SC1043,2024,2015-02-13,5,4,16.0,20.87830687830688,15.0,Jodhpur,2015.0,2.0,13.0,337.3333333333333,False,False,False,False,False,True,False,False,True,False,False,False,False,False,False,False,False,False,True,False,False,True,False,False,False,True,False,False,False,False,False,True,False,False,False,True,False,False,False,False,False,False,True,False,False,False
SC1044,1997,2015-02-14,5,4,15.0,37.0,7.0,Mumbai,2015.0,2.0,14.0,332.8333333333333,False,False,True,False,False,False,False,False,False,False,False,False,False,True,False,False,False,False,False,False,True,False,False,False,True,False,True,True,False,False,False,False,False,False,True,False,False,False,False,False,False,True,False,False,False,False
SC1045,2008,2015-02-15,6,1,15.0,3.0,18.0,Coimbatore,2015.0,2.0,15.0,286.85714285714283,False,False,False,False,False,False,False,True,False,False,True,False,False,False,False,False,False,False,False,True,False,True,False,False,False,True,False,False,False,True,False,False,False,False,True,False,False,False,False,False,False,False,False,True,False,False
SC1046,2017,2015-02-16,5,4,4.0,12.0,1.0,Thiruvananthapuram,2015.0,2.0,16.0,336.1666666666667,False,False,False,False,False,True,False,False,False,True,False,False,False,False,False,False,True,False,False,False,False,False,True,False,False,False,True,False,False,False,False,True,False,False,True,False,False,False,False,True,False,False,False,False,False,False
SC1047,2012,2015-01-01,6,2,8.0,12.0,2.0,Coimbatore,2015.0,4.0,15.0,287.42857142857144,True,False,False,False,False,False,False,False,False,True,False,False,False,False,False,False,True,False,False,False,False,True,False,False,False,False,True,False,True,False,False,False,False,False,True,False,False,False,False,False,False,False,False,True,False,False
SC1048,2009,2015-02-18,9,4,16.0,30.0,7.0,Darbhanga,2015.0,2.0,18.0,200.9,False,False,False,True,False,False,False,False,False,False,False,False,False,False,True,False,False,False,False,False,True,False,False,True,False,False,True,False,False,False,False,False,True,False,True,False,True,False,False,False,False,False,False,False,False,False
SC1049,1998,2015-02-19,5,3,16.0,3.0,12.0,Kozhikode,2015.0,2.0,19.0,333.0,False,False,False,True,False,False,False,False,False,False,False,False,True,False,False,False,True,False,False,False,False,False,True,False,False,False,True,False,False,False,True,False,False,False,True,False,False,False,False,True,False,False,False,False,False,False
SC1050,2024,2015-02-20,8,0,4.0,32.0,17.0,Lucknow,2015.0,2.0,20.0,224.88888888888889,False,False,True,False,False,False,False,False,False,True,False,False,False,False,False,False,False,False,False,True,False,False,True,False,False,True,False,False,False,False,True,False,False,False,True,False,False,False,False,False,False,False,False,False,True,False
SC1051,1995,2015-02-21,9,4,13.0,23.0,12.0,Jodhpur,2015.0,2.0,21.0,199.5,False,False,False,False,False,True,False,False,False,False,True,False,False,False,False,False,False,False,False,True,False,False,True,False,False,True,False,False,False,False,True,False,False,False,True,False,False,False,False,False,False,False,True,False,False,False
SC1052,2007,2015-02-22,5,2,13.0,16.0,12.0,Salem,2015.0,2.0,22.0,334.5,True,False,False,False,False,False,False,False,False,False,False,True,False,False,False,False,False,False,True,False,False,False,True,False,False,True,False,True,False,False,False,False,False,False,True,False,False,False,False,False,False,False,False,True,False,False
SC1053,2004,2015-02-23,9,0,2.0,14.0,2.0,Jabalpur,2015.0,2.0,23.0,200.4,False,False,False,True,False,False,False,False,True,False,False,False,False,False,False,False,False,False,False,False,True,False,False,True,False,True,False,False,False,False,True,False,False,False,False,True,False,False,False,False,True,False,False,False,False,False
SC1054,2014,2015-02-24,9,1,3.0,9.0,7.0,Aurangabad,2015.0,2.0,24.0,201.4,False,False,False,False,False,False,False,True,False,False,False,False,False,True,False,False,False,False,True,False,False,True,False,False,False,False,True,True,False,False,False,False,False,True,False,False,False,False,False,False,False,True,False,False,False,False
SC1055,2010,2015-02-25,6,3,8.0,8.0,8.0,Nashik,2015.0,2.0,25.0,287.14285714285717,True,False,False,False,False,False,False,False,False,False,True,False,False,False,False,False,False,False,False,True,False,False,False,True,False,True,False,True,False,False,False,False,False,False,True,False,False,False,False,False,False,True,False,False,False,False
SC1056,2015,2015-02-26,6,1,15.0,5.0,14.0,Indore,2015.0,2.0,26.0,287.85714285714283,False,True,False,False,False,False,False,False,False,False,True,False,False,False,False,False,False,False,True,False,False,False,True,False,False,True,False,False,True,False,False,False,False,True,False,False,False,False,False,False,True,False,False,False,False,False
SC1057,2000,2015-02-27,8,4,11.0,18.0,3.0,Kozhikode,2015.0,2.0,27.0,222.22222222222223,True,False,False,False,False,False,False,False,False,False,False,False,False,False,False,True,False,False,False,False,True,False,False,False,True,True,False,True,False,False,False,False,False,False,True,False,False,False,False,True,False,False,False,False,False,False
SC1058,2015,2015-02-28,6,1,9.0,39.0,14.0,Udaipur,2015.0,2.0,28.0,287.85714285714283,False,False,False,False,False,False,False,True,False,False,False,False,False,True,False,False,False,False,True,False,False,False,False,True,False,False,True,False,False,False,False,False,True,False,True,False,False,False,False,False,False,False,True,False,False,False
SC1059,1998,2015-03-01,7,3,7.0,17.0,13.0,Bhavnagar,2015.0,3.0,1.0,249.75,False,False,True,False,False,False,False,False,False,False,False,False,False,True,False,False,False,False,True,False,False,False,False,True,False,False,True,False,False,True,False,False,False,False,False,True,False,True,False,False,False,False,False,False,False,False
SC1060,2016,2015-03-02,8,0,13.0,28.0,12.0,Vadodara,2015.0,3.0,2.0,224.0,True,False,False,False,False,False,False,False,False,False,False,True,False,False,False,False,False,False,False,True,False,False,True,False,False,True,False,False,True,False,False,False,False,False,False,True,False,True,False,False,False,False,False,False,False,False
SC1061,2008,2015-03-03,8,3,2.0,27.0,2.0,Salem,2015.0,3.0,3.0,223.11111111111111,False,True,False,False,False,False,False,False,False,True,False,False,False,False,False,False,False,False,False,False,True,False,False,False,True,False,True,False,False,False,False,False,True,True,False,False,False,False,False,False,False,False,False,True,False,False
SC1062,2002,2015-03-04,5,4,8.0,31.0,8.0,Pune,2015.0,3.0,4.0,333.6666666666667,False,False,False,True,False,False,False,False,False,False,False,False,True,False,False,False,False,True,False,False,False,False,False,False,True,False,True,False,False,False,False,True,False,False,False,True,False,False,False,False,False,True,False,False,False,False
SC1063,2021,2015-03-05,8,1,7.0,10.0,18.0,Bhagalpur,2015.0,3.0,5.0,224.55555555555554,False,False,False,False,False,False,False,True,False,False,False,False,False,False,False,True,False,True,False,False,False,False,True,False,False,True,False,False,False,False,False,False,True,False,False,True,True,False,False,False,False,False,False,False,False,False
SC1064,2000,2015-03-06,7,0,12.0,29.0,0.0,Bhavnagar,2015.0,3.0,6.0,250.0,False,False,False,False,False,False,False,True,False,False,False,False,True,False,False,False,False,True,False,False,False,False,False,True,False,True,False,False,True,False,False,False,False,True,False,False,False,True,False,False,False,False,False,False,False,False
SC1065,2012,2015-03-07,9,1,19.0,10.0,13.0,Ujjain,2015.0,3.0,7.0,201.2,False,False,False,False,False,False,False,True,False,False,False,False,False,True,False,False,False,True,False,False,False,False,False,True,False,False,True,True,False,False,False,False,False,False,False,True,False,False,False,False,True,False,False,False,False,False
SC1066,2016,2015-03-08,8,2,7.0,2.0,9.0,Bengaluru,2015.0,3.0,8.0,224.0,False,False,True,False,False,False,False,False,False,False,False,True,False,False,False,False,True,False,False,False,False,True,False,False,False,True,False,False,False,True,False,False,False,False,True,False,False,False,True,False,False,False,False,False,False,False
SC1067,2005,2015-03-09,6,3,10.0,4.0,9.0,Jabalpur,2015.0,3.0,9.0,286.42857142857144,False,False,False,False,False,True,False,False,False,False,False,False,False,True,False,False,True,False,False,False,False,True,False,False,False,False,True,False,True,False,False,False,False,True,False,False,False,False,False,False,True,False,False,False,False,False
SC1068,2005,2015-03-10,9,3,16.0,9.0,19.0,Asansol,2015.0,3.0,10.0,200.5,False,False,False,True,False,False,False,False,False,False,False,True,False,False,False,False,True,False,False,False,False,False,False,True,False,True,False,False,False,False,True,False,False,True,False,False,False,False,False,False,False,False,False,False,False,True
SC1069,2005,2015-03-11,7,0,3.0,25.0,18.0,Belgaum,2015.0,3.0,11.0,250.625,False,False,False,False,True,False,False,False,False,False,True,False,False,False,False,False,True,False,False,False,False,False,True,False,False,False,True,False,False,True,False,False,False,False,True,False,False,False,True,False,False,False,False,False,False,False
SC1070,1998,2015-03-12,6,4,10.0,17.0,5.0,Bengaluru,2015.0,3.0,12.0,285.42857142857144,False,True,False,False,False,False,False,False,False,False,False,False,True,False,False,False,False,False,False,False,True,False,False,False,True,True,False,False,False,True,False,False,False,False,False,True,False,False,True,False,False,False,False,False,False,False
SC1071,2008,2015-03-13,7,3,11.0,15.0,17.0,Rajkot,2015.0,3.0,13.0,251.0,False,False,False,False,True,False,False,False,False,False,False,False,False,False,False,True,False,True,False,False,False,False,True,False,False,False,True,True,False,False,False,False,False,True,False,False,False,True,False,False,False,False,False,False,False,False
SC1072,2010,2015-03-14,9,1,18.0,18.0,9.0,Bengaluru,2015.0,3.0,14.0,201.0,False,False,False,False,False,False,True,False,True,False,False,False,False,False,False,False,False,False,False,False,True,True,False,False,False,False,True,False,False,False,False,True,False,True,False,False,False,False,True,False,False,False,False,False,False,False
SC1073,2000,2015-01-01,7,0,18.0,37.0,18.0,Lucknow,2015.0,4.0,15.0,250.0,False,False,False,False,True,False,False,False,False,False,False,False,False,False,False,True,False,False,True,False,False,False,False,False,True,True,False,False,False,False,True,False,False,False,True,False,False,False,False,False,False,False,False,False,True,False
SC1074,2011,2015-03-16,5,3,11.0,28.0,10.0,Chennai,2015.0,3.0,16.0,335.1666666666667,False,False,False,True,False,False,False,False,False,False,False,False,False,False,True,False,True,False,False,False,False,False,True,False,False,True,False,False,True,False,False,False,False,False,True,False,False,False,False,False,False,False,False,True,False,False
SC1075,2012,2015-03-17,5,3,7.0,34.0,11.0,Durgapur,2015.0,3.0,17.0,335.3333333333333,False,True,False,False,False,False,False,False,True,False,False,False,False,False,False,False,False,False,True,False,False,False,False,True,False,False,True,False,False,False,False,True,False,False,False,True,False,False,False,False,False,False,False,False,False,True
SC1076,2023,2015-03-18,9,3,2.0,37.0,12.0,Vadodara,2015.0,3.0,18.0,202.3,True,False,False,False,False,False,False,False,False,False,False,False,False,False,True,False,True,False,False,False,False,False,True,False,False,False,True,False,False,False,False,False,True,True,False,False,False,True,False,False,False,False,False,False,False,False
SC1077,2000,2015-03-19,6,2,11.0,28.0,3.0,Ahmedabad,2015.0,3.0,19.0,285.7142857142857,False,False,False,False,False,False,False,True,False,False,False,False,False,True,False,False,False,True,False,False,False,False,True,False,False,True,False,False,False,False,False,False,True,False,False,True,False,True,False,False,False,False,False,False,False,False
SC1078,2003,2015-03-20,5,4,13.0,12.0,8.0,Howrah,2015.0,3.0,20.0,333.8333333333333,False,False,False,False,True,False,False,False,False,False,False,False,True,False,False,False,False,False,False,False,True,False,True,False,False,True,False,False,False,False,False,False,True,False,False,True,False,False,False,False,False,False,False,False,False,True
SC1079,2006,2015-03-21,7,2,5.0,12.0,16.0,Salem,2015.0,3.0,21.0,250.75,False,True,False,False,False,False,False,False,False,False,False,True,False,False,False,False,True,False,False,False,False,False,False,False,True,True,False,False,False,False,True,False,False,False,True,False,False,False,False,False,False,False,False,True,False,False
SC1080,2009,2015-03-22,9,2,6.0,25.0,2.0,Allahabad,2015.0,3.0,22.0,200.9,False,False,False,False,True,False,False,False,False,False,False,False,True,False,False,False,False,False,True,False,False,False,True,False,False,False,True,False,False,False,True,False,False,True,False,False,False,False,False,False,False,False,False,False,True,False
SC1081,1996,2015-03-23,7,1,14.0,15.0,8.0,Agra,2015.0,3.0,23.0,249.5,False,True,False,False,False,False,False,False,False,False,False,False,False,True,False,False,False,False,False,True,False,False,True,False,False,True,False,False,False,False,True,False,False,True,False,False,False,False,False,False,False,False,False,False,True,False
SC1082,2004,2015-03-24,6,3,12.0,39.0,14.0,Aurangabad,2015.0,3.0,24.0,286.2857142857143,False,False,False,False,True,False,False,False,False,False,False,False,False,False,False,True,False,False,True,False,False,False,True,False,False,False,True,False,False,False,False,False,True,True,False,False,False,False,False,False,False,True,False,False,False,False
SC1083,2016,2015-03-25,7,4,4.0,3.0,4.0,Coimbatore,2015.0,3.0,25.0,252.0,False,False,False,True,False,False,False,False,False,False,False,False,False,True,False,False,False,False,False,False,True,False,True,False,False,False,True,False,True,False,False,False,False,False,True,False,False,False,False,False,False,False,False,True,False,False
SC1084,2023,2015-03-26,5,4,6.0,5.0,12.0,Bhagalpur,2015.0,3.0,26.0,337.1666666666667,False,False,False,True,False,False,False,False,False,False,False,False,False,False,True,False,False,False,False,False,True,False,True,False,False,True,False,False,True,False,False,False,False,False,True,False,True,False,False,False,False,False,False,False,False,False
SC1085,2003,2015-03-27,9,0,10.0,18.0,16.0,Siliguri,2015.0,3.0,27.0,200.3,True,False,False,False,False,False,False,False,False,False,False,True,False,False,False,False,False,True,False,False,False,True,False,False,False,True,False,False,False,False,True,False,False,False,True,False,False,False,False,False,False,False,False,False,False,True
SC1086,2017,2015-03-28,9,1,18.0,18.0,19.0,Kozhikode,2015.0,3.0,28.0,201.7,True,False,False,False,False,False,False,False,False,False,False,False,False,False,False,True,False,False,True,False,False,False,True,False,False,False,True,False,False,True,False,False,False,False,True,False,False,False,False,True,False,False,False,False,False,False
SC1087,2004,2015-03-29,7,3,15.0,32.0,14.0,Trichy,2015.0,3.0,29.0,250.5,False,False,False,False,False,False,False,True,True,False,False,False,False,False,False,False,False,False,False,True,False,False,True,False,False,False,True,False,False,False,True,False,False,False,True,False,False,False,False,False,False,False,False,True,False,False
SC1088,2015,2015-03-30,9,0,8.0,15.0,7.0,Patna,2015.0,3.0,30.0,201.5,True,False,False,False,False,False,False,False,False,True,False,False,False,False,False,False,False,False,False,False,True,False,False,False,True,False,True,False,True,False,False,False,False,True,False,False,True,False,False,False,False,False,False,False,False,False
SC1089,2021,2015-03-31,6,0,9.0,29.0,2.0,Asansol,2015.0,3.0,31.0,288.7142857142857,False,False,False,False,True,False,False,False,False,False,False,False,False,True,False,False,False,False,False,False,True,False,True,False,False,True,False,False,False,False,True,False,False,False,False,True,False,False,False,False,False,False,False,False,False,True
SC1090,1999,2015-01-01,5,4,5.0,23.0,10.0,Nagpur,2015.0,4.0,15.0,333.1666666666667,False,False,False,False,False,True,False,False,False,False,False,False,False,False,True,False,False,True,False,False,False,False,False,True,False,True,False,False,False,False,True,False,False,True,False,False,False,False,False,False,False,True,False,False,False,False
SC1091,2022,2015-04-02,9,0,10.0,8.0,11.0,Bhavnagar,2015.0,4.0,2.0,202.2,False,False,False,False,True,False,False,False,False,False,False,False,False,True,False,False,False,False,True,False,False,False,False,False,True,False,True,False,False,False,True,False,False,False,False,True,False,True,False,False,False,False,False,False,False,False
SC1092,2010,2015-04-03,7,1,6.0,35.0,3.0,Aurangabad,2015.0,4.0,3.0,251.25,True,False,False,False,False,False,False,False,False,False,False,False,True,False,False,False,False,False,False,False,True,True,False,False,False,False,True,True,False,False,False,False,False,False,True,False,False,False,False,False,False,True,False,False,False,False
SC1093,2009,2015-04-04,6,3,16.0,29.0,13.0,Jabalpur,2015.0,4.0,4.0,287.0,True,False,False,False,False,False,False,False,False,False,False,True,False,False,False,False,False,False,True,False,False,False,True,False,False,False,True,False,False,True,False,False,False,False,False,True,False,False,False,False,True,False,False,False,False,False
SC1094,2022,2015-04-05,9,4,11.0,28.0,7.0,Kochi,2015.0,4.0,5.0,202.2,False,False,False,True,False,False,False,False,False,False,False,True,False,False,False,False,False,False,False,True,False,True,False,False,False,False,True,False,True,False,False,False,False,True,False,False,False,False,False,True,False,False,False,False,False,False
SC1095,2022,2015-04-06,7,4,10.0,12.0,13.0,Jodhpur,2015.0,4.0,6.0,252.75,False,False,False,False,True,False,False,False,False,False,False,False,False,False,False,True,False,False,False,True,False,True,False,False,False,False,True,False,False,False,False,True,False,True,False,False,False,False,False,False,False,False,True,False,False,False
SC1096,2009,2015-04-07,8,1,11.0,19.0,16.0,Bengaluru,2015.0,4.0,7.0,223.22222222222223,False,False,False,False,False,False,True,False,False,False,True,False,False,False,False,False,True,False,False,False,False,True,False,False,False,True,False,False,True,False,False,False,False,False,False,True,False,False,True,False,False,False,False,False,False,False
SC1097,2008,2015-04-08,6,0,11.0,18.0,18.0,Hubli,2015.0,4.0,8.0,286.85714285714283,False,False,False,False,False,True,False,False,True,False,False,False,False,False,False,False,False,False,True,False,False,False,True,False,False,True,False,False,False,False,True,False,False,False,True,False,False,False,True,False,False,False,False,False,False,False
SC1098,2010,2015-04-09,6,1,17.0,8.0,2.0,Madurai,2015.0,4.0,9.0,287.14285714285717,False,False,False,False,False,False,False,True,False,False,False,False,False,True,False,False,True,False,False,False,False,False,True,False,False,False,True,False,True,False,False,False,False,False,True,False,False,False,False,False,False,False,False,True,False,False
SC1099,2019,2015-04-10,9,4,4.0,20.87830687830688,8.0,Kochi,2015.0,4.0,10.0,201.9,False,True,False,False,False,False,False,False,False,True,False,False,False,False,False,False,False,False,True,False,False,True,False,False,False,False,True,False,False,True,False,False,False,True,False,False,False,False,False,True,False,False,False,False,False,False
SC1100,2002,2015-04-11,9,0,4.0,7.0,7.0,Thrissur,2015.0,4.0,11.0,200.2,False,False,False,False,False,False,True,False,False,False,False,False,False,False,False,True,False,True,False,False,False,True,False,False,False,True,False,False,False,False,False,True,False,False,False,True,False,False,False,True,False,False,False,False,False,False
SC1101,2001,2015-04-12,7,3,17.0,39.0,4.0,Ajmer,2015.0,4.0,12.0,250.125,False,False,False,False,False,True,False,False,False,False,True,False,False,False,False,False,False,False,False,True,False,False,False,True,False,False,True,False,False,False,False,False,True,False,True,False,False,False,False,False,False,False,True,False,False,False
SC1102,2023,2015-04-13,5,1,9.0,39.0,4.0,Allahabad,2015.0,4.0,13.0,337.1666666666667,False,False,False,False,True,False,False,False,False,False,False,False,True,False,False,False,False,True,False,False,False,True,False,False,False,True,False,True,False,False,False,False,False,False,True,False,False,False,False,False,False,False,False,False,True,False
SC1103,2009,2015-04-14,6,0,19.0,25.0,6.0,Vadodara,2015.0,4.0,14.0,287.0,False,True,False,False,False,False,False,False,False,False,True,False,False,False,False,False,False,False,False,False,True,False,False,False,True,False,True,False,False,True,False,False,False,True,False,False,False,True,False,False,False,False,False,False,False,False
SC1104,2016,2015-04-15,9,2,5.0,39.0,18.0,Darbhanga,2015.0,4.0,15.0,201.6,False,False,False,True,False,False,False,False,False,False,False,False,False,True,False,False,True,False,False,False,False,False,False,True,False,False,True,False,False,False,True,False,False,False,True,False,True,False,False,False,False,False,False,False,False,False
SC1105,2011,2015-04-16,8,2,6.0,27.0,17.0,Mumbai,2015.0,4.0,16.0,223.44444444444446,True,False,False,False,False,False,False,False,False,False,False,False,False,False,True,False,False,False,True,False,False,False,False,False,True,True,False,False,False,False,False,True,False,False,False,True,False,False,False,False,False,True,False,False,False,False
SC1106,2008,2015-04-17,5,2,3.0,3.0,2.0,Bhavnagar,2015.0,4.0,17.0,334.6666666666667,False,False,False,False,False,False,False,True,False,False,False,False,False,False,True,False,False,False,False,True,False,False,False,True,False,True,False,False,False,True,False,False,False,True,False,False,False,True,False,False,False,False,False,False,False,False
SC1107,1999,2015-04-18,9,4,1.0,4.0,5.0,Belgaum,2015.0,4.0,18.0,199.9,False,False,False,False,False,True,False,False,True,False,False,False,False,False,False,False,False,False,False,True,False,True,False,False,False,False,True,False,True,False,False,False,False,True,False,False,False,False,True,False,False,False,False,False,False,False
SC1108,2006,2015-04-19,7,1,16.0,35.0,3.0,Gaya,2015.0,4.0,19.0,250.75,True,False,False,False,False,False,False,False,False,False,False,False,False,False,True,False,True,False,False,False,False,False,True,False,False,True,False,True,False,False,False,False,False,False,False,True,True,False,False,False,False,False,False,False,False,False
SC1109,2004,2015-04-20,9,0,11.0,3.0,7.0,Surat,2015.0,4.0,20.0,200.4,False,False,False,False,True,False,False,False,False,False,False,False,False,False,False,True,True,False,False,False,False,False,False,False,True,False,True,False,True,False,False,False,False,True,False,False,False,True,False,False,False,False,False,False,False,False
SC1110,2007,2015-04-21,8,1,13.0,33.0,2.0,Kozhikode,2015.0,4.0,21.0,223.0,True,False,False,False,False,False,False,False,False,False,True,False,False,False,False,False,True,False,False,False,False,True,False,False,False,False,True,True,False,False,False,False,False,False,True,False,False,False,False,True,False,False,False,False,False,False
SC1111,2007,2015-04-22,9,4,10.0,32.0,9.0,Lucknow,2015.0,4.0,22.0,200.7,False,False,False,False,False,True,False,False,False,False,False,False,True,False,False,False,False,False,False,True,False,True,False,False,False,True,False,False,False,False,True,False,False,False,True,False,False,False,False,False,False,False,False,False,True,False
SC1112,2019,2015-04-23,8,4,3.0,20.87830687830688,4.0,Bhagalpur,2015.0,4.0,23.0,224.33333333333334,False,True,False,False,False,False,False,False,False,False,False,False,True,False,False,False,False,True,False,False,False,False,False,True,False,True,False,False,False,False,False,True,False,False,False,True,True,False,False,False,False,False,False,False,False,False
SC1113,2020,2015-04-24,5,0,9.0,20.87830687830688,15.0,Bhavnagar,2015.0,4.0,24.0,336.6666666666667,True,False,False,False,False,False,False,False,True,False,False,False,False,False,False,False,False,False,True,False,False,False,True,False,False,False,True,False,True,False,False,False,False,False,True,False,False,True,False,False,False,False,False,False,False,False
SC1114,2014,2015-04-25,8,3,12.0,2.0,4.0,Indore,2015.0,4.0,25.0,223.77777777777777,False,False,False,False,True,False,False,False,False,False,False,False,True,False,False,False,False,True,False,False,False,False,True,False,False,True,False,False,False,True,False,False,False,False,False,True,False,False,False,False,True,False,False,False,False,False
SC1115,2017,2015-04-26,8,1,11.0,10.0,8.0,Trichy,2015.0,4.0,26.0,224.11111111111111,False,False,False,False,True,False,False,False,False,False,False,False,False,False,False,True,False,False,False,False,True,True,False,False,False,False,True,False,False,False,False,True,False,False,False,True,False,False,False,False,False,False,False,True,False,False
SC1116,2019,2015-04-27,6,4,1.0,12.0,12.0,Varanasi,2015.0,4.0,27.0,288.42857142857144,False,False,False,False,False,False,True,False,False,False,False,False,False,False,True,False,False,False,False,False,True,True,False,False,False,False,True,True,False,False,False,False,False,False,True,False,False,False,False,False,False,False,False,False,True,False
SC1117,2014,2015-04-28,5,3,18.0,11.0,9.0,Bhagalpur,2015.0,4.0,28.0,335.6666666666667,False,False,False,False,False,False,True,False,False,False,False,False,False,True,False,False,False,True,False,False,False,False,False,True,False,False,True,False,False,False,False,False,True,False,False,True,True,False,False,False,False,False,False,False,False,False
SC1118,1995,2015-04-29,8,1,17.0,24.0,9.0,Durgapur,2015.0,4.0,29.0,221.66666666666666,False,False,False,False,False,False,False,True,False,False,False,True,False,False,False,False,False,False,True,False,False,True,False,False,False,False,True,False,False,False,True,False,False,False,True,False,False,False,False,False,False,False,False,False,False,True
SC1119,2015,2015-04-30,9,3,9.0,37.0,18.0,Agra,2015.0,4.0,30.0,201.5,False,True,False,False,False,False,False,False,False,False,False,False,False,False,True,False,False,False,False,False,True,True,False,False,False,True,False,False,True,False,False,False,False,True,False,False,False,False,False,False,False,False,False,False,True,False
SC1120,2017,2015-01-01,9,1,9.0,27.0,10.0,Vadodara,2015.0,4.0,15.0,201.7,False,True,False,False,False,False,False,False,True,False,False,False,False,False,False,False,False,False,False,False,True,False,False,False,True,True,False,False,True,False,False,False,False,True,False,False,False,True,False,False,False,False,False,False,False,False
SC1121,2013,2015-05-02,6,3,10.0,25.0,18.0,Chennai,2015.0,5.0,2.0,287.57142857142856,False,True,False,False,False,False,False,False,True,False,False,False,False,False,False,False,False,False,False,True,False,False,False,True,False,False,True,False,False,False,False,True,False,False,True,False,False,False,False,False,False,False,False,True,False,False
SC1122,2004,2015-05-03,9,1,19.0,20.87830687830688,4.0,Belgaum,2015.0,5.0,3.0,200.4,True,False,False,False,False,False,False,False,True,False,False,False,False,False,False,False,False,False,False,False,True,False,False,True,False,False,True,False,True,False,False,False,False,False,True,False,False,False,True,False,False,False,False,False,False,False
SC1123,2004,2015-05-04,9,0,15.0,5.0,5.0,Jaipur,2015.0,5.0,4.0,200.4,False,False,True,False,False,False,False,False,True,False,False,False,False,False,False,False,True,False,False,False,False,True,False,False,False,True,False,False,False,False,True,False,False,False,True,False,False,False,False,False,False,False,True,False,False,False
SC1124,2018,2015-05-05,9,3,5.0,38.0,9.0,Hubli,2015.0,5.0,5.0,201.8,False,False,True,False,False,False,False,False,False,False,True,False,False,False,False,False,False,False,False,True,False,False,True,False,False,False,True,False,True,False,False,False,False,True,False,False,False,False,True,False,False,False,False,False,False,False
SC1125,2002,2015-05-06,5,4,11.0,36.0,9.0,Kanpur,2015.0,5.0,6.0,333.6666666666667,False,False,False,False,False,True,False,False,False,False,False,False,False,True,False,False,False,False,False,True,False,True,False,False,False,False,True,False,True,False,False,False,False,True,False,False,False,False,False,False,False,False,False,False,True,False
SC1126,1997,2015-05-07,8,0,2.0,19.0,4.0,Asansol,2015.0,5.0,7.0,221.88888888888889,False,False,False,False,True,False,False,False,True,False,False,False,False,False,False,False,False,False,False,False,True,True,False,False,False,True,False,False,False,False,False,True,False,False,True,False,False,False,False,False,False,False,False,False,False,True
SC1127,2023,2015-05-08,8,1,13.0,31.0,4.0,Belgaum,2015.0,5.0,8.0,224.77777777777777,False,False,True,False,False,False,False,False,False,False,False,False,False,False,True,False,True,False,False,False,False,False,False,True,False,False,True,False,False,False,True,False,False,False,False,True,False,False,True,False,False,False,False,False,False,False
SC1128,1995,2015-05-09,6,1,16.0,8.0,13.0,Durgapur,2015.0,5.0,9.0,285.0,False,False,False,True,False,False,False,False,False,False,False,False,True,False,False,False,False,False,False,False,True,True,False,False,False,False,True,False,False,False,False,False,True,True,False,False,False,False,False,False,False,False,False,False,False,True
SC1129,2017,2015-05-10,9,0,11.0,9.0,16.0,Allahabad,2015.0,5.0,10.0,201.7,False,False,False,False,True,False,False,False,False,False,False,False,False,True,False,False,False,False,False,False,True,True,False,False,False,True,False,False,False,False,False,True,False,False,False,True,False,False,False,False,False,False,False,False,True,False
SC1130,2005,2015-05-11,5,0,10.0,13.0,4.0,Mangalore,2015.0,5.0,11.0,334.1666666666667,True,False,False,False,False,False,False,False,False,False,False,False,False,False,True,False,False,True,False,False,False,False,False,False,True,True,False,False,False,True,False,False,False,False,False,True,False,False,True,False,False,False,False,False,False,False
SC1131,1995,2015-05-12,9,2,14.0,24.0,13.0,Bengaluru,2015.0,5.0,12.0,199.5,False,False,False,False,True,False,False,False,False,False,False,True,False,False,False,False,False,True,False,False,False,True,False,False,False,True,False,True,False,False,False,False,False,True,False,False,False,False,True,False,False,False,False,False,False,False
SC1132,2006,2015-05-13,8,4,10.0,29.0,19.0,Nashik,2015.0,5.0,13.0,222.88888888888889,False,True,False,False,False,False,False,False,False,False,False,True,False,False,False,False,False,False,False,True,False,False,True,False,False,False,True,False,False,False,False,False,True,False,False,True,False,False,False,False,False,True,False,False,False,False
SC1133,2021,2015-05-14,6,1,14.0,28.0,8.0,Rajkot,2015.0,5.0,14.0,288.7142857142857,False,False,False,False,True,False,False,False,False,False,False,False,True,False,False,False,False,False,True,False,False,False,True,False,False,True,False,False,False,False,True,False,False,False,False,True,False,True,False,False,False,False,False,False,False,False
SC1134,2019,2015-05-15,9,0,9.0,32.0,5.0,Kolkata,2015.0,5.0,15.0,201.9,True,False,False,False,False,False,False,False,False,False,False,False,False,True,False,False,False,False,True,False,False,False,False,False,True,False,True,False,False,False,False,True,False,False,True,False,False,False,False,False,False,False,False,False,False,True
SC1135,1997,2015-05-16,7,2,14.0,17.0,16.0,Kollam,2015.0,5.0,16.0,249.625,False,False,False,False,False,True,False,False,True,False,False,False,False,False,False,False,False,True,False,False,False,False,False,False,True,False,True,False,True,False,False,False,False,False,False,True,False,False,False,True,False,False,False,False,False,False
SC1136,2004,2015-05-17,9,3,3.0,4.0,11.0,Rajkot,2015.0,5.0,17.0,200.4,False,False,False,False,False,False,False,True,False,False,False,False,False,False,True,False,False,False,False,False,True,False,False,True,False,False,True,False,False,False,False,True,False,False,True,False,False,True,False,False,False,False,False,False,False,False
SC1137,2006,2015-05-18,5,1,11.0,26.0,2.0,Rajkot,2015.0,5.0,18.0,334.3333333333333,False,False,True,False,False,False,False,False,False,False,True,False,False,False,False,False,False,False,False,True,False,False,False,True,False,False,True,False,False,False,False,False,True,True,False,False,False,True,False,False,False,False,False,False,False,False
SC1138,2024,2015-05-19,5,3,2.0,27.0,4.0,Bhavnagar,2015.0,5.0,19.0,337.3333333333333,False,False,True,False,False,False,False,False,False,False,False,False,False,True,False,False,False,False,False,True,False,False,False,False,True,False,True,False,False,False,True,False,False,False,True,False,False,True,False,False,False,False,False,False,False,False
SC1139,2004,2015-05-20,5,1,10.0,24.0,15.0,Thiruvananthapuram,2015.0,5.0,20.0,334.0,False,False,False,True,False,False,False,False,False,False,False,False,True,False,False,False,False,False,False,False,True,False,True,False,False,False,True,False,False,False,True,False,False,False,True,False,False,False,False,True,False,False,False,False,False,False
SC1140,2017,2015-05-21,6,0,3.0,28.0,2.0,Nagpur,2015.0,5.0,21.0,288.14285714285717,False,False,False,False,False,True,False,False,True,False,False,False,False,False,False,False,False,False,True,False,False,False,False,False,True,False,True,False,True,False,False,False,False,True,False,False,False,False,False,False,False,True,False,False,False,False
SC1141,2023,2015-05-22,9,2,11.0,14.0,16.0,Rajkot,2015.0,5.0,22.0,202.3,True,False,False,False,False,False,False,False,False,True,False,False,False,False,False,False,False,True,False,False,False,False,False,False,True,False,True,False,True,False,False,False,False,False,False,True,False,True,False,False,False,False,False,False,False,False
SC1142,2013,2015-05-23,8,4,11.0,17.0,17.0,Kozhikode,2015.0,5.0,23.0,223.66666666666666,False,False,False,False,False,True,False,False,False,True,False,False,False,False,False,False,True,False,False,False,False,False,True,False,False,True,False,True,False,False,False,False,False,False,False,True,False,False,False,True,False,False,False,False,False,False
SC1143,2006,2015-05-24,9,0,13.0,16.0,3.0,Ujjain,2015.0,5.0,24.0,200.6,False,False,False,False,False,True,False,False,True,False,False,False,False,False,False,False,True,False,False,False,False,False,False,True,False,False,True,False,True,False,False,False,False,False,False,True,False,False,False,False,True,False,False,False,False,False
SC1144,2017,2015-05-25,9,3,7.0,2.0,0.0,Thiruvananthapuram,2015.0,5.0,25.0,201.7,False,False,True,False,False,False,False,False,False,True,False,False,False,False,False,False,False,False,False,False,True,False,False,True,False,False,True,True,False,False,False,False,False,True,False,False,False,False,False,True,False,False,False,False,False,False
SC1145,2003,2015-05-26,6,4,17.0,26.0,8.0,Kanpur,2015.0,5.0,26.0,286.14285714285717,False,False,False,False,True,False,False,False,False,False,True,False,False,False,False,False,False,False,False,True,False,True,False,False,False,True,False,True,False,False,False,False,False,False,True,False,False,False,False,False,False,False,False,False,True,False
SC1146,1997,2015-05-27,7,1,2.0,20.87830687830688,2.0,Varanasi,2015.0,5.0,27.0,249.625,False,False,False,True,False,False,False,False,False,False,False,True,False,False,False,False,False,False,True,False,False,True,False,False,False,False,True,False,True,False,False,False,False,True,False,False,False,False,False,False,False,False,False,False,True,False
SC1147,2024,2015-05-28,7,3,12.0,32.0,11.0,Thiruvananthapuram,2015.0,5.0,28.0,253.0,False,False,False,False,False,False,True,False,False,False,False,False,True,False,False,False,False,False,False,True,False,False,False,True,False,True,False,False,False,False,False,True,False,False,False,True,False,False,False,True,False,False,False,False,False,False
SC1148,2005,2015-05-29,5,4,10.0,22.0,11.0,Madurai,2015.0,5.0,29.0,334.1666666666667,True,False,False,False,False,False,False,False,False,False,False,False,True,False,False,False,False,False,False,False,True,False,True,False,False,True,False,True,False,False,False,False,False,False,True,False,False,False,False,False,False,False,False,True,False,False
SC1149,1997,2015-05-30,9,0,18.0,33.0,17.0,Kanpur,2015.0,5.0,30.0,199.7,False,False,False,True,False,False,False,False,False,False,False,False,False,False,False,True,False,False,False,True,False,False,False,False,True,False,True,False,False,False,False,True,False,True,False,False,False,False,False,False,False,False,False,False,True,False
SC1150,2019,2015-05-31,5,3,11.0,31.0,15.0,Ajmer,2015.0,5.0,31.0,336.5,False,False,False,False,True,False,False,False,False,False,False,True,False,False,False,False,True,False,False,False,False,False,False,True,False,False,True,False,False,False,True,False,False,True,False,False,False,False,False,False,False,False,True,False,False,False
SC1151,2023,2015-06-01,5,2,16.0,20.0,14.0,Gwalior,2015.0,6.0,1.0,337.1666666666667,False,False,False,False,False,False,False,True,True,False,False,False,False,False,False,False,False,False,False,True,False,True,False,False,False,True,False,False,False,False,False,False,True,False,False,True,False,False,False,False,True,False,False,False,False,False
SC1152,2014,2015-06-02,5,1,17.0,32.0,9.0,Mumbai,2015.0,6.0,2.0,335.6666666666667,False,False,False,False,False,False,True,False,False,False,False,False,False,True,False,False,False,False,True,False,False,False,False,False,True,True,False,False,False,False,False,True,False,True,False,False,False,False,False,False,False,True,False,False,False,False
SC1153,2009,2015-06-03,6,2,19.0,14.0,8.0,Kota,2015.0,6.0,3.0,287.0,False,False,False,False,False,False,False,True,False,False,False,False,False,False,False,True,False,False,False,False,True,False,False,True,False,True,False,False,False,True,False,False,False,True,False,False,False,False,False,False,False,False,True,False,False,False
SC1154,2012,2015-06-04,5,2,18.0,26.0,15.0,Coimbatore,2015.0,6.0,4.0,335.3333333333333,False,False,True,False,False,False,False,False,False,True,False,False,False,False,False,False,False,False,False,False,True,False,True,False,False,True,False,True,False,False,False,False,False,False,True,False,False,False,False,False,False,False,False,True,False,False
SC1155,2006,2015-06-05,8,0,3.0,4.0,6.0,Pune,2015.0,6.0,5.0,222.88888888888889,False,False,False,False,False,True,False,False,False,False,True,False,False,False,False,False,False,False,False,False,True,False,False,False,True,False,True,False,False,False,False,False,True,False,True,False,False,False,False,False,False,True,False,False,False,False
SC1156,2010,2015-06-06,7,2,16.0,30.0,18.0,Nashik,2015.0,6.0,6.0,251.25,False,False,False,True,False,False,False,False,False,False,False,False,False,False,True,False,False,False,False,True,False,False,False,True,False,True,False,False,False,False,True,False,False,False,False,True,False,False,False,False,False,True,False,False,False,False
SC1157,2015,2015-06-07,6,2,6.0,36.0,0.0,Allahabad,2015.0,6.0,7.0,287.85714285714283,False,False,False,False,False,False,False,True,False,False,False,True,False,False,False,False,False,False,False,True,False,False,False,False,True,True,False,False,False,True,False,False,False,False,True,False,False,False,False,False,False,False,False,False,True,False
SC1158,2022,2015-06-08,8,0,12.0,5.0,2.0,Kolkata,2015.0,6.0,8.0,224.66666666666666,False,False,False,False,False,True,False,False,False,False,False,False,False,False,False,True,False,True,False,False,False,False,True,False,False,False,True,True,False,False,False,False,False,False,False,True,False,False,False,False,False,False,False,False,False,True
SC1159,2013,2015-06-09,9,2,11.0,28.0,16.0,Lucknow,2015.0,6.0,9.0,201.3,False,False,False,False,False,False,True,False,True,False,False,False,False,False,False,False,False,True,False,False,False,False,False,False,True,True,False,False,False,False,False,False,True,False,False,True,False,False,False,False,False,False,False,False,True,False
SC1160,1996,2015-06-10,6,1,15.0,18.0,10.0,Hubli,2015.0,6.0,10.0,285.14285714285717,False,False,False,False,False,False,False,True,False,False,False,False,False,False,False,True,False,True,False,False,False,False,True,False,False,True,False,False,False,True,False,False,False,False,False,True,False,False,True,False,False,False,False,False,False,False
SC1161,2000,2015-06-11,7,0,15.0,6.0,0.0,Nashik,2015.0,6.0,11.0,250.0,False,False,False,False,False,False,False,True,False,False,False,True,False,False,False,False,True,False,False,False,False,True,False,False,False,False,True,False,False,False,True,False,False,True,False,False,False,False,False,False,False,True,False,False,False,False
SC1162,2016,2015-06-12,6,3,16.0,18.0,14.0,Muzaffarpur,2015.0,6.0,12.0,288.0,False,False,False,False,False,False,False,True,False,False,False,False,False,False,True,False,False,True,False,False,False,True,False,False,False,False,True,False,False,True,False,False,False,False,True,False,True,False,False,False,False,False,False,False,False,False
SC1163,2024,2015-06-13,5,1,10.0,8.0,5.0,Nagpur,2015.0,6.0,13.0,337.3333333333333,False,True,False,False,False,False,False,False,False,False,False,True,False,False,False,False,False,False,False,False,True,True,False,False,False,True,False,False,False,False,False,False,True,False,False,True,False,False,False,False,False,True,False,False,False,False
SC1164,2020,2015-06-14,8,1,12.0,31.0,18.0,Belgaum,2015.0,6.0,14.0,224.44444444444446,True,False,False,False,False,False,False,False,False,False,True,False,False,False,False,False,True,False,False,False,False,True,False,False,False,False,True,False,False,False,True,False,False,False,True,False,False,False,True,False,False,False,False,False,False,False
SC1165,2012,2015-06-15,5,3,13.0,5.0,15.0,Coimbatore,2015.0,6.0,15.0,335.3333333333333,False,False,True,False,False,False,False,False,True,False,False,False,False,False,False,False,False,False,False,False,True,True,False,False,False,True,False,False,False,False,True,False,False,False,False,True,False,False,False,False,False,False,False,True,False,False
SC1166,2000,2015-06-16,8,2,4.0,33.0,14.0,Surat,2015.0,6.0,16.0,222.22222222222223,True,False,False,False,False,False,False,False,False,False,False,False,True,False,False,False,False,False,False,True,False,False,False,True,False,True,False,False,False,False,True,False,False,False,True,False,False,True,False,False,False,False,False,False,False,False
SC1167,2003,2015-06-17,5,4,7.0,21.0,13.0,Kozhikode,2015.0,6.0,17.0,333.8333333333333,False,False,False,True,False,False,False,False,False,False,False,False,False,False,False,True,False,False,False,True,False,True,False,False,False,False,True,False,False,True,False,False,False,False,True,False,False,False,False,True,False,False,False,False,False,False
SC1168,1999,2015-06-18,6,4,2.0,22.0,3.0,Howrah,2015.0,6.0,18.0,285.57142857142856,False,False,False,False,False,True,False,False,False,False,False,False,False,False,True,False,True,False,False,False,False,False,True,False,False,False,True,False,False,False,False,True,False,False,False,True,False,False,False,False,False,False,False,False,False,True
SC1169,2009,2015-06-19,8,3,15.0,24.0,7.0,Coimbatore,2015.0,6.0,19.0,223.22222222222223,False,False,False,False,False,False,False,True,False,False,True,False,False,False,False,False,False,True,False,False,False,False,True,False,False,True,False,False,True,False,False,False,False,True,False,False,False,False,False,False,False,False,False,True,False,False
SC1170,2004,2015-06-20,6,3,8.0,10.0,10.0,Gaya,2015.0,6.0,20.0,286.2857142857143,False,False,True,False,False,False,False,False,False,True,False,False,False,False,False,False,False,False,False,False,True,False,False,True,False,True,False,False,True,False,False,False,False,False,True,False,True,False,False,False,False,False,False,False,False,False
SC1171,2004,2015-06-21,8,2,11.0,19.0,14.0,Kanpur,2015.0,6.0,21.0,222.66666666666666,False,False,False,True,False,False,False,False,False,False,False,False,False,False,False,True,False,False,False,False,True,False,True,False,False,True,False,False,False,False,False,True,False,True,False,False,False,False,False,False,False,False,False,False,True,False
SC1172,2009,2015-06-22,8,4,15.0,25.0,18.0,Bhagalpur,2015.0,6.0,22.0,223.22222222222223,False,False,False,False,True,False,False,False,False,True,False,False,False,False,False,False,True,False,False,False,False,False,False,True,False,False,True,False,True,False,False,False,False,True,False,False,True,False,False,False,False,False,False,False,False,False
SC1173,2013,2015-06-23,7,1,14.0,27.0,10.0,Coimbatore,2015.0,6.0,23.0,251.625,False,True,False,False,False,False,False,False,False,False,False,False,False,False,False,True,False,False,False,False,True,True,False,False,False,True,False,False,False,False,False,False,True,False,False,True,False,False,False,False,False,False,False,True,False,False
SC1174,1996,2015-06-24,9,0,8.0,25.0,5.0,Pune,2015.0,6.0,24.0,199.6,False,False,False,False,False,False,False,True,False,False,False,True,False,False,False,False,False,False,False,False,True,False,False,True,False,False,True,False,False,True,False,False,False,False,False,True,False,False,False,False,False,True,False,False,False,False
SC1175,2001,2015-06-25,9,2,12.0,39.0,9.0,Ujjain,2015.0,6.0,25.0,200.1,False,False,False,False,False,True,False,False,False,False,True,False,False,False,False,False,True,False,False,False,False,True,False,False,False,True,False,False,False,False,False,True,False,False,False,True,False,False,False,False,True,False,False,False,False,False
SC1176,2011,2015-06-26,7,2,13.0,20.87830687830688,4.0,Madurai,2015.0,6.0,26.0,251.375,False,False,False,True,False,False,False,False,False,True,False,False,False,False,False,False,False,False,False,True,False,False,False,True,False,True,False,False,False,True,False,False,False,False,True,False,False,False,False,False,False,False,False,True,False,False
SC1177,2012,2015-06-27,7,2,11.0,39.0,7.0,Allahabad,2015.0,6.0,27.0,251.5,False,False,False,False,False,False,True,False,True,False,False,False,False,False,False,False,False,False,False,True,False,False,False,True,False,True,False,False,True,False,False,False,False,False,False,True,False,False,False,False,False,False,False,False,True,False
SC1178,2015,2015-06-28,5,4,17.0,8.0,9.0,Aurangabad,2015.0,6.0,28.0,335.8333333333333,False,False,False,True,False,False,False,False,False,True,False,False,False,False,False,False,False,False,False,True,False,False,False,False,True,False,True,False,False,False,False,False,True,False,False,True,False,False,False,False,False,True,False,False,False,False
SC1179,2024,2015-06-29,7,4,17.0,17.0,8.0,Kozhikode,2015.0,6.0,29.0,253.0,False,True,False,False,False,False,False,False,False,False,False,False,False,True,False,False,True,False,False,False,False,False,False,True,False,False,True,False,False,False,True,False,False,False,True,False,False,False,False,True,False,False,False,False,False,False
SC1180,1998,2015-06-30,8,3,4.0,10.0,9.0,Siliguri,2015.0,6.0,30.0,222.0,False,False,False,True,False,False,False,False,False,False,True,False,False,False,False,False,False,False,False,True,False,True,False,False,False,False,True,False,True,False,False,False,False,False,True,False,False,False,False,False,False,False,False,False,False,True
SC1181,1995,2015-07-01,8,1,8.0,37.0,10.0,Jaipur,2015.0,7.0,1.0,221.66666666666666,False,False,True,False,False,False,False,False,True,False,False,False,False,False,False,False,False,False,False,False,True,False,True,False,False,False,True,False,False,False,False,False,True,False,False,True,False,False,False,False,False,False,True,False,False,False
SC1182,2013,2015-07-02,5,2,5.0,25.0,2.0,Indore,2015.0,7.0,2.0,335.5,False,True,False,False,False,False,False,False,False,False,True,False,False,False,False,False,False,True,False,False,False,False,False,True,False,True,False,False,False,True,False,False,False,False,False,True,False,False,False,False,True,False,False,False,False,False
SC1183,1997,2015-07-03,5,2,16.0,15.0,13.0,Pune,2015.0,7.0,3.0,332.8333333333333,False,False,True,False,False,False,False,False,False,False,True,False,False,False,False,False,False,False,True,False,False,True,False,False,False,False,True,False,False,False,False,False,True,False,False,True,False,False,False,False,False,True,False,False,False,False
SC1184,2019,2015-07-04,6,2,4.0,23.0,15.0,Muzaffarpur,2015.0,7.0,4.0,288.42857142857144,False,False,False,True,False,False,False,False,False,False,False,False,False,False,True,False,False,False,True,False,False,False,True,False,False,False,True,False,False,False,False,False,True,False,True,False,True,False,False,False,False,False,False,False,False,False
SC1185,2013,2015-07-05,8,2,15.0,27.0,8.0,Gaya,2015.0,7.0,5.0,223.66666666666666,False,False,True,False,False,False,False,False,False,True,False,False,False,False,False,False,False,False,False,False,True,False,True,False,False,False,True,False,False,False,True,False,False,True,False,False,True,False,False,False,False,False,False,False,False,False
SC1186,2022,2015-07-06,6,3,12.0,14.0,2.0,Asansol,2015.0,7.0,6.0,288.85714285714283,False,False,False,True,False,False,False,False,True,False,False,False,False,False,False,False,False,True,False,False,False,False,False,False,True,True,False,False,True,False,False,False,False,True,False,False,False,False,False,False,False,False,False,False,False,True
SC1187,2019,2015-07-07,6,2,5.0,5.0,8.0,Nagpur,2015.0,7.0,7.0,288.42857142857144,True,False,False,False,False,False,False,False,False,False,True,False,False,False,False,False,False,False,True,False,False,False,False,False,True,True,False,False,True,False,False,False,False,False,False,True,False,False,False,False,False,True,False,False,False,False
SC1188,2013,2015-07-08,9,1,16.0,1.0,0.0,Jabalpur,2015.0,7.0,8.0,201.3,False,False,False,False,False,False,False,True,False,False,True,False,False,False,False,False,False,False,True,False,False,False,True,False,False,True,False,True,False,False,False,False,False,True,False,False,False,False,False,False,True,False,False,False,False,False
SC1189,1998,2015-07-09,7,4,14.0,37.0,15.0,Nashik,2015.0,7.0,9.0,249.75,False,False,False,False,True,False,False,False,False,False,False,False,False,True,False,False,False,False,False,True,False,False,False,True,False,False,True,False,False,False,False,False,True,False,True,False,False,False,False,False,False,True,False,False,False,False
SC1190,2010,2015-07-10,7,3,10.0,13.0,0.0,Siliguri,2015.0,7.0,10.0,251.25,False,False,False,False,False,False,False,True,False,False,False,False,False,False,True,False,False,True,False,False,False,False,False,False,True,True,False,False,False,True,False,False,False,True,False,False,False,False,False,False,False,False,False,False,False,True
SC1191,1999,2015-07-11,8,0,7.0,20.0,8.0,Hubli,2015.0,7.0,11.0,222.11111111111111,False,False,True,False,False,False,False,False,False,False,False,True,False,False,False,False,False,False,False,True,False,False,False,False,True,True,False,False,False,False,False,False,True,True,False,False,False,False,True,False,False,False,False,False,False,False
SC1192,2013,2015-07-12,6,2,13.0,38.0,18.0,Indore,2015.0,7.0,12.0,287.57142857142856,False,False,False,False,False,False,False,True,False,True,False,False,False,False,False,False,False,False,False,True,False,False,True,False,False,True,False,False,False,True,False,False,False,False,True,False,False,False,False,False,True,False,False,False,False,False
SC1193,2013,2015-07-13,5,1,5.0,4.0,0.0,Allahabad,2015.0,7.0,13.0,335.5,True,False,False,False,False,False,False,False,True,False,False,False,False,False,False,False,False,False,False,False,True,False,False,False,True,False,True,True,False,False,False,False,False,True,False,False,False,False,False,False,False,False,False,False,True,False
SC1194,2017,2015-07-14,8,2,3.0,18.0,3.0,Nagpur,2015.0,7.0,14.0,224.11111111111111,False,False,False,True,False,False,False,False,False,False,False,False,False,True,False,False,False,False,False,True,False,True,False,False,False,False,True,True,False,False,False,False,False,True,False,False,False,False,False,False,False,True,False,False,False,False
SC1195,1996,2015-07-15,7,3,15.0,23.0,9.0,Patna,2015.0,7.0,15.0,249.5,False,True,False,False,False,False,False,False,False,True,False,False,False,False,False,False,False,False,True,False,False,False,True,False,False,False,True,False,False,True,False,False,False,True,False,False,True,False,False,False,False,False,False,False,False,False
SC1196,2004,2015-07-16,8,3,4.0,29.0,0.0,Nagpur,2015.0,7.0,16.0,222.66666666666666,False,True,False,False,False,False,False,False,False,False,False,True,False,False,False,False,False,True,False,False,False,False,False,False,True,True,False,False,True,False,False,False,False,True,False,False,False,False,False,False,False,True,False,False,False,False
SC1197,1996,2015-07-17,9,3,15.0,10.0,2.0,Bengaluru,2015.0,7.0,17.0,199.6,False,False,True,False,False,False,False,False,False,False,False,False,True,False,False,False,False,False,False,False,True,False,False,False,True,True,False,False,True,False,False,False,False,False,True,False,False,False,True,False,False,False,False,False,False,False
SC1198,2023,2015-07-18,5,2,14.0,21.0,0.0,Pune,2015.0,7.0,18.0,337.1666666666667,False,False,False,False,False,False,True,False,False,False,False,False,False,True,False,False,False,False,False,False,True,False,True,False,False,True,False,False,False,False,False,False,True,False,False,True,False,False,False,False,False,True,False,False,False,False
SC1199,2023,2015-07-19,8,0,19.0,1.0,11.0,Mysuru,2015.0,7.0,19.0,224.77777777777777,False,False,False,True,False,False,False,False,False,False,True,False,False,False,False,False,False,True,False,False,False,False,False,True,False,False,True,False,False,False,False,True,False,False,False,True,False,False,True,False,False,False,False,False,False,False
